"queried","status","ip","hostname"
"ADFARG006M","TimedOut","Unknown","Unknown"
"ADMPCG206M","TimedOut","Unknown","Unknown"
"ADMPGS008M","Success","10.2.225.235","admpgs008m.na.corp.cargill.com"
"ADMPHR044M","Success","10.2.131.11","admphr044m.na.corp.cargill.com"
"ADMPLS062M","Success","10.2.162.28","admpls062m.na.corp.cargill.com"
"ADMPLS090M","Success","10.2.179.81","admpls090m.na.corp.cargill.com"
"ADMPLS156M","TimedOut","Unknown","Unknown"
"ADMPLS157M","TimedOut","Unknown","Unknown"
"ADMPLS304M","Success","10.2.102.186","admpls304m.na.corp.cargill.com"
"ADMPLS401M","Success","10.2.190.50","admpls401m.na.corp.cargill.com"
"ADMPNA003M","Success","10.2.171.46","admpna003m.na.corp.cargill.com"
"ADMPOS001M","Success","10.2.225.150","admpos001m.na.corp.cargill.com"
"ADMPOS02M","Success","10.1.102.106","admpos02m.na.corp.cargill.com"
"ADMPTN022M","TimedOut","Unknown","Unknown"
"ADMPTN031M","Success","10.1.221.46","admptn031m.na.corp.cargill.com"
"ADMPTN032M","TimedOut","Unknown","Unknown"
"ADMPTN035M","Success","10.1.167.45","admptn035m.na.corp.cargill.com"
"ADMPTN037M","Success","10.1.167.38","admptn037m.na.corp.cargill.com"
"ADMPTN050M","Success","10.1.167.38","admptn037m.na.corp.cargill.com"
"ADMPTN055M","Success","10.1.167.21","admptn055m.na.corp.cargill.com"
"FDMPLS011M","Success","10.2.9.42","fdmpls011m.na.corp.cargill.com"
"FIMPXT019M","Success","10.2.9.42","fdmpls011m.na.corp.cargill.com"
"FIMPXT023M","TimedOut","Unknown","Unknown"
"FIMPXT043M","TimedOut","Unknown","Unknown"
"FIMPXT057M","TimedOut","Unknown","Unknown"
"gampls022m","TimedOut","Unknown","Unknown"
"GAMPLS417M","TimedOut","Unknown","Unknown"
"GAMPLS610M","TimedOut","Unknown","Unknown"
