User,UserDom,Group,GroupDom,Modify
jsilfies,NA,CPLITI01M_Secure_Lititz_Dist Ctr_Samples_Labels_Read,NA,Add
crowewh3 ,NA,CPLITI01M_Secure_Lititz_Dist Ctr_Samples_Labels_Read,NA,Add
jschmid,NA,CPLITI01M_CLEAN SWEEP_JEFF GRUNDHOFFER,NA,Add
jschmid,NA,CPLITI01M_LITITZ_ENGINEERING_DEPARTMENT_DEFAULTS,NA,Add
jschmid,NA,CPLITI01M_PROGRAM FILES_LITITZ_MP2_CHANGE,NA,Add
jschmid,NA,CPLITI01M_SECURE_LITITZ_DIST CTR_ADMINISTRATION_RAW MAT_READ,NA,Add
jschmid,NA,CPLITI01M_SECURE_LITITZ_DIST CTR_MICRO LAB_MICRO RESULTS_READ,NA,Add
jschmid,NA,CPLITI01M_SECURE_LITITZ_PARK OFFICE_ACCOUNTING_MSMONEY TRNG_CHG,NA,Add
jschmid,NA,CPLITI01M_SECURE_LITITZ_PARK OFFICE_ACCTG_BUDGETS_CHANGE,NA,Add
jschmid,NA,CPLITI01M_SECURE_LITITZ_PARK OFFICE_ACCTG_BUDGETS_FY02_CHANGE,NA,Add
jschmid,NA,CPLITI01M_SECURE_LITITZ_PARK OFFICE_ACCTG_BUDGETS_FY03_CHANGE,NA,Add
jschmid,NA,CPLITI01M_SECURE_LITITZ_PARK OFFICE_ACCTG_BUDGETS_FY04_CHANGE,NA,Add
jschmid,NA,CPLITI01M_SECURE_LITITZ_PARK OFFICE_ACCTG_BUDGETS_FY05_CHANGE,NA,Add
jschmid,NA,CPLITI01M_SECURE_LITITZ_PARK OFFICE_ACCTG_BUDGETS_FY06_CHANGE,NA,Add
jschmid,NA,CPLITI01M_SECURE_LITITZ_PARK OFFICE_ACCTG_BUDGETS_FY07_CHANGE,NA,Add
jschmid,NA,CPLITI01M_SECURE_LITITZ_PARK OFFICE_ACCTG_BUDGETS_FY08_CHANGE,NA,Add
jschmid,NA,CPLITI01M_SECURE_LITITZ_PARK OFFICE_ACCTG_REPORTS_WKLY INVY_READ,NA,Add
jschmid,NA,CPLITI01M_SECURE_LITITZ_PARK OFFICE_ACTG_C AND M_CAP PRJS_READ,NA,Add
jschmid,NA,CPLITI01M_SECURE_LITITZ_PARK OFFICE_ACTG_C AND M_PROJ INFO_READ,NA,Add
jschmid,NA,CPLITI01M_SECURE_LITITZ_PARK OFFICE_ACTG_PLANT ACCOUNTING_READ,NA,Add
jschmid,NA,CPLITI01M_SECURE_LITITZ_PARK OFFICE_PURCHASING_PURCHORDFRM_READ,NA,Add
jschmid,NA,CPLITI01M_SECURE_LITITZ_PARK OFFICE_SALES_FORECAST_READ,NA,Add
jschmid,NA,CPLITI01M_SECURE_LITITZ_PLANT_ADMIN_LITITZ VACATION HRLY_READ,NA,Add
jschmid,NA,CPLITI01M_SECURE_LITITZ_PLANT_ENGINEERING_AUTOCAD_READ,NA,Add
jschmid,NA,CPLITI01M_SECURE_LITITZ_PLANT_ENGINEERING_CGILL ENERGY REPOR_REA,NA,Add
jschmid,NA,CPLITI01M_SECURE_LITITZ_PLANT_ENGINEERING_ENERGY FORECAST_READ,NA,Add
jschmid,NA,CPLITI01M_SECURE_LITITZ_PLANT_ENGINEERING_ENGINEERING MTG_CHG,NA,Add
jschmid,NA,CPLITI01M_SECURE_LITITZ_PLANT_ENGINEERING_GLBL RSK INSURANC_READ,NA,Add
jschmid,NA,CPLITI01M_SECURE_LITITZ_PLANT_ENGINEERING_ISO SF DRAFTS_CHANGE,NA,Add
jschmid,NA,CPLITI01M_SECURE_LITITZ_PLANT_HUMAN RES_CHANGE,NA,Add
jschmid,NA,CPLITI01M_SECURE_LITITZ_PLANT_HUMAN RES_EMPTRLOGS_READ,NA,Add
jschmid,NA,CPLITI01M_SECURE_LITITZ_PLANT_HUMAN RES_HRFORMS_READ,NA,Add
jschmid,NA,CPLITI01M_SECURE_LITITZ_PLANT_MAINTENANCE_SCHEDULE_READ,NA,Add
jschmid,NA,CPLITI01M_SECURE_LITITZ_PLANT_PRODUCTION_HRLYPHONENUM_CHANGE,NA,Add
jschmid,NA,CPLITI01M_SECURE_LITITZ_PLANT_PRODUCTION_OIL SCHEDULE_READ,NA,Add
jschmid,NA,CPLITI01M_SECURE_LITITZ_PLANT_PRODUCTION_OPERATIONS_CHANGE,NA,Add
jschmid,NA,CPLITI01M_SECURE_LITITZ_PLANT_PRODUCTION_PRODUCTREPORTS_CHANGE,NA,Add
jschmid,NA,CPLITI01M_SECURE_LITITZ_PLANT_PRODUCTION_REWORK_READ,NA,Add
jschmid,NA,CPLITI01M_SECURE_LITITZ_PLANT_PRODUCTION_SAFETY_EMERG PLAN_READ,NA,Add
jschmid,NA,CPLITI01M_SECURE_LITITZ_PLANT_PRODUCTION_SCHEDULE_CHANGE,NA,Add
jschmid,NA,CPLITI01M_SECURE_LITITZ_PLANT_PRODUCTION_SCHEDULE_READ,NA,Add
jschmid,NA,CPLITI01M_SECURE_LITITZ_PLANT_PRODUCTION_UNION INFO_CHANGE,NA,Add
jschmid,NA,CPLITI01M_SECURE_LITITZ_PLANT_PRODUCTION_WASTE REDUCTION_CHANGE,NA,Add
jschmid,NA,CPLITI01M_SECURE_LITITZ_PLANT_PRODUCTION_WASTE_READ,NA,Add
jschmid,NA,CPLITI01M_SECURE_LITITZ_PLANT_TECH_QUAL ASSUR_ANALYTICAL_READ,NA,Add
jschmid,NA,CPLITI01M_SECURE_LITITZ_PLANT_TECH_QUAL ASSUR_CHGOVR PROC_READ,NA,Add
jschmid,NA,CPLITI01M_SECURE_LITITZ_PLANT_TECH_QUAL ASSUR_FINISH PROD_READ,NA,Add
jschmid,NA,CPLITI01M_SECURE_LITITZ_PLANT_TECH_QUAL ASSUR_HACCP_READ,NA,Add
jschmid,NA,CPLITI01M_SECURE_LITITZ_PLANT_TECH_QUAL ASSUR_MICRO LAB_READ,NA,Add
jschmid,NA,CPLITI01M_SECURE_LITITZ_PLANT_TECH_QUAL ASSUR_ON HOLD_READ,NA,Add
jschmid,NA,CPLITI01M_SECURE_LITITZ_PLANT_TECH_QUAL ASSUR_RAW MATERIALS_READ,NA,Add
jschmid,NA,CPLITI01M_SECURE_LITITZ_PLANT_TECH_QUAL ASSUR_REWORK_READ,NA,Add
jschmid,NA,CPLITI01M_SECURE_LITITZ_PLANT_TECH_QUAL ASSUR_SUPPLIERS_READ,NA,Add
jschmid,NA,CPLITI01M_SECURE_LITITZ_PLANT_TECH_QUAL ASSUR_VISCOSITY_READ,NA,Add
jschmid,NA,CPLITI01M_SECURE_MOUNT JOY_ENGR_AUTOCAD_ELEC DWG_CHG,NA,Add
jschmid,NA,CPLITI01M_SECURE_MOUNT JOY_ENGR_AUTOCAD_MECH DWG_CHG,NA,Add
jschmid,NA,CPLITI01M_SECURE_MOUNT JOY_PRODUCTION_DAILYOPS_READ,NA,Add
jschmid,NA,CPLITI01M_SECURE_MOUNT JOY_PRODUCTION_SCHEDULE_READ,NA,Add
jschmid,NA,CPLITI01M_SECURE_MOUNT JOY_TECH_QA_MICRO RESULTS_READ,NA,Add
jschmid,NA,CPLITI01M_SECURE_PLANT_MAINTENANCE_ALLIED_CBM_READ,NA,Add
jschmid,NA,CPLITI01M_SECURE_POLICIES_BUSINESS TEAM PROCESS MANUAL_READ,NA,Add
jschmid,NA,CPLITI01M_SECURE_POLICIES_SAFETY_WSM_CHANGE,NA,Add
jschmid,NA,CPLITI01M_SECURE_PROJECTS_STRATEGY_CHANGE,NA,Add
jschmid,NA,CPLITI01M_SECURE_QM_LITITZ_MAN_DEPTS_PROD_ADAGEMANUAL_CHANGE,NA,Add
jschmid,NA,CPLITI01M_SECURE_QM_LITITZ_MAN_DEPTS_PROD_CHOC MAN_READ,NA,Add
jschmid,NA,CPLITI01M_SECURE_QM_LITITZ_MAN_DEPTS_PROD_COMP MAN_READ,NA,Add
jschmid,NA,CPLITI01M_SECURE_QM_LITITZ_MAN_DEPTS_PROD_DCCOATINGMFG_CHANGE,NA,Add
jschmid,NA,CPLITI01M_SECURE_QM_LITITZ_MAN_DEPTS_PROD_GENERAL_READ,NA,Add
jschmid,NA,CPLITI01M_SECURE_QM_LITITZ_MAN_DEPTS_QA_DEPT MANUAL_READ,NA,Add
jschmid,NA,CPLITI01M_SECURE_QM_LITITZ_MAN_DEPTS_QUAL PROC_DOC_READ,NA,Add
jschmid,NA,CPLITI01M_SECURE_QM_MOUNT JOY_MAN_DEPTS_PROD_BLENDING_READ,NA,Add
jschmid,NA,CPLITI01M_SECURE_QM_MOUNT JOY_MAN_DEPTS_PROD_CHOC SHIP_READ,NA,Add
jschmid,NA,CPLITI01M_SECURE_QM_MOUNT JOY_MAN_DEPTS_PROD_GENERAL_READ,NA,Add
jschmid,NA,CPLITI01M_SECURE_QM_MOUNT JOY_MAN_DEPTS_PROD_LIQUOR_READ,NA,Add
jschmid,NA,CPLITI01M_SECURE_QM_MOUNT JOY_MAN_DEPTS_PROD_MOLDING SPEC_READ,NA,Add
jschmid,NA,CPLITI01M_SECURE_QM_MOUNT JOY_MAN_DEPTS_PROD_MOLDING_READ,NA,Add
jschmid,NA,CPLITI01M_SECURE_QM_MOUNT JOY_MAN_DEPTS_QA_CALIBRATION_READ,NA,Add
jschmid,NA,CPLITI01M_SHARED_LITITZ_PLANT_ENGINEERING_CHANGE,NA,Add
jschmid,NA,CPLITI01M_SHARED_LITITZ_PLANT_PRODUCTION_CHANGE,NA,Add
mmcleod,NA,CPLITI01M_SECURE_LITITZ_DIST CTR_ADMINISTRATION_PALLET LABEL_CHG,NA,Add
mmcleod,NA,CPLITI01M_SECURE_LITITZ_DIST CTR_ADMINISTRATION_QM_DCMAN_READ,NA,Add
mmcleod,NA,CPLITI01M_SECURE_LITITZ_DIST CTR_ADMINISTRATION_RAW MAT_CHG,NA,Add
mmcleod,NA,CPLITI01M_SECURE_LITITZ_DIST CTR_ADMINISTRATION_RAW MAT_READ,NA,Add
mmcleod,NA,CPLITI01M_SECURE_LITITZ_DIST CTR_MICRO LAB_MICRO RESULTS_CHANGE,NA,Add
mmcleod,NA,CPLITI01M_SECURE_LITITZ_PARK OFFICE_ACCTG_BUDGETS_CHANGE,NA,Add
mmcleod,NA,CPLITI01M_SECURE_LITITZ_PARK OFFICE_ACCTG_REPORTS_WKLY INVY_READ,NA,Add
mmcleod,NA,CPLITI01M_SECURE_LITITZ_PARK OFFICE_ACTG_PLANT ACCOUNTING_READ,NA,Add
mmcleod,NA,CPLITI01M_SECURE_LITITZ_PARK OFFICE_BD_CCSAP_CHANGE,NA,Add
mmcleod,NA,CPLITI01M_SECURE_LITITZ_PARK OFFICE_BU PLAN_CHANGE,NA,Add
mmcleod,NA,CPLITI01M_SECURE_LITITZ_PARK OFFICE_PURCHASING_PURCHORDFRM_READ,NA,Add
mmcleod,NA,CPLITI01M_SECURE_LITITZ_PARK OFFICE_PURCHASING_WHSE INVENT_CHANG,NA,Add
mmcleod,NA,CPLITI01M_SECURE_LITITZ_PARK OFFICE_SALES_CRT_CHANGE,NA,Add
mmcleod,NA,CPLITI01M_SECURE_LITITZ_PARK OFFICE_SALES_COMPLAIN_READ,NA,Add
mmcleod,NA,CPLITI01M_SECURE_LITITZ_PARK OFFICE_SALES_NEW ITEM INFO_CHANGE,NA,Add
mmcleod,NA,CPLITI01M_SECURE_LITITZ_PARK OFFICE_SUPPLY CHAIN_READ,NA,Add
mmcleod,NA,CPLITI01M_SECURE_LITITZ_PLANT_ADMIN_LITITZ VACATION HRLY_READ,NA,Add
mmcleod,NA,CPLITI01M_SECURE_LITITZ_PLANT_ADMIN_PROD VAC SCHED_READ,NA,Add
mmcleod,NA,CPLITI01M_SECURE_LITITZ_PLANT_ADMIN_TANKER CHECK_READ,NA,Add
mmcleod,NA,CPLITI01M_SECURE_LITITZ_PLANT_ENGINEERING_CONTRACT INSURANC_READ,NA,Add
mmcleod,NA,CPLITI01M_SECURE_LITITZ_PLANT_ENGINEERING_ISO SF DRAFTS_CHANGE,NA,Add
mmcleod,NA,CPLITI01M_SECURE_LITITZ_PLANT_HUMAN RES_EMPTRLOGS_READ,NA,Add
mmcleod,NA,CPLITI01M_SECURE_LITITZ_PLANT_HUMAN RES_HRFORMS_READ,NA,Add
mmcleod,NA,CPLITI01M_SECURE_LITITZ_PLANT_HUMAN RES_READ,NA,Add
mmcleod,NA,CPLITI01M_SECURE_LITITZ_PLANT_MAINTENANCE_VIDEOCLIPS_CHANGE,NA,Add
mmcleod,NA,CPLITI01M_SECURE_LITITZ_PLANT_PRODUCTION_FORMULAS_3_CHANGE,NA,Add
mmcleod,NA,CPLITI01M_SECURE_LITITZ_PLANT_PRODUCTION_FORMULAS_3A_CHANGE,NA,Add
mmcleod,NA,CPLITI01M_SECURE_LITITZ_PLANT_PRODUCTION_FORMULAS_3C_CHANGE,NA,Add
mmcleod,NA,CPLITI01M_SECURE_LITITZ_PLANT_PRODUCTION_FORMULAS_PANNING_CHANGE,NA,Add
mmcleod,NA,CPLITI01M_SECURE_LITITZ_PLANT_PRODUCTION_FORMULAS_WCDC_WRITE,NA,Add
mmcleod,NA,CPLITI01M_SECURE_LITITZ_PLANT_PRODUCTION_LABELS_READ,NA,Add
mmcleod,NA,CPLITI01M_SECURE_LITITZ_PLANT_PRODUCTION_REWORK_READ,NA,Add
mmcleod,NA,CPLITI01M_SECURE_LITITZ_PLANT_PRODUCTION_SAFETY_MSDS_CHANGE,NA,Add
mmcleod,NA,CPLITI01M_SECURE_LITITZ_PLANT_PRODUCTION_SCHEDULE_READ,NA,Add
mmcleod,NA,CPLITI01M_SECURE_LITITZ_PLANT_PRODUCTION_WASTE_READ,NA,Add
mmcleod,NA,CPLITI01M_SECURE_LITITZ_PLANT_TECH_PRODINFO_LNCS_GRKNS_READ,NA,Add
mmcleod,NA,CPLITI01M_SECURE_LITITZ_PLANT_TECH_PRODINFO_LNCS_PETERS_READ,NA,Add
mmcleod,NA,CPLITI01M_SECURE_LITITZ_PLANT_TECH_PRODINFO_LNCS_WILBUR_READ,NA,Add
mmcleod,NA,CPLITI01M_SECURE_LITITZ_PLANT_TECH_PRODINFO_NUTDATA_GRKNS_READ,NA,Add
mmcleod,NA,CPLITI01M_SECURE_LITITZ_PLANT_TECH_PRODINFO_NUTDATA_LAB USE_READ,NA,Add
mmcleod,NA,CPLITI01M_SECURE_LITITZ_PLANT_TECH_PRODINFO_NUTDATA_PETERS_READ,NA,Add
mmcleod,NA,CPLITI01M_SECURE_LITITZ_PLANT_TECH_PRODINFO_NUTDATA_WILBUR_READ,NA,Add
mmcleod,NA,CPLITI01M_SECURE_LITITZ_PLANT_TECH_PRODINFO_SHELFLIFE_GRKNS_READ,NA,Add
mmcleod,NA,CPLITI01M_SECURE_LITITZ_PLANT_TECH_PRODINFO_SHELFLIFE_PETERS_REA,NA,Add
mmcleod,NA,CPLITI01M_SECURE_LITITZ_PLANT_TECH_PRODINFO_SHELFLIFE_WLBR_READ,NA,Add
mmcleod,NA,CPLITI01M_SECURE_LITITZ_PLANT_TECH_PRODINFO_SPEC_CO-PACKERS_READ,NA,Add
mmcleod,NA,CPLITI01M_SECURE_LITITZ_PLANT_TECH_PRODINFO_SPEC_GRKNS_BRAZ_REA,NA,Add
mmcleod,NA,CPLITI01M_SECURE_LITITZ_PLANT_TECH_PRODINFO_SPEC_GRKNS_FRANCE_RE,NA,Add
mmcleod,NA,CPLITI01M_SECURE_LITITZ_PLANT_TECH_PRODINFO_SPEC_GRKNS_HOLL_REA,NA,Add
mmcleod,NA,CPLITI01M_SECURE_LITITZ_PLANT_TECH_PRODINFO_SPEC_GRKNS_IVORY_REA,NA,Add
mmcleod,NA,CPLITI01M_SECURE_LITITZ_PLANT_TECH_PRODINFO_SPEC_GRKNS_LIBRA_REA,NA,Add
mmcleod,NA,CPLITI01M_SECURE_LITITZ_PLANT_TECH_PRODINFO_SPEC_LAB USE_READ,NA,Add
mmcleod,NA,CPLITI01M_SECURE_LITITZ_PLANT_TECH_PRODINFO_SPEC_PETERS_READ,NA,Add
mmcleod,NA,CPLITI01M_SECURE_LITITZ_PLANT_TECH_PRODINFO_SPEC_RAWMATSPEC_READ,NA,Add
mmcleod,NA,CPLITI01M_SECURE_LITITZ_PLANT_TECH_PRODINFO_SPEC_WILBUR_READ,NA,Add
mmcleod,NA,CPLITI01M_SECURE_LITITZ_PLANT_TECH_PRODINFO_STMTS_GRKNS_READ,NA,Add
mmcleod,NA,CPLITI01M_SECURE_LITITZ_PLANT_TECH_PRODINFO_STMTS_PETERS_READ,NA,Add
mmcleod,NA,CPLITI01M_SECURE_LITITZ_PLANT_TECH_PRODINFO_STMTS_WLBR_READ,NA,Add
mmcleod,NA,CPLITI01M_SECURE_LITITZ_PLANT_TECH_PRODINFO_STOCK PROD_READ,NA,Add
mmcleod,NA,CPLITI01M_SECURE_LITITZ_PLANT_TECH_QUAL ASSUR_ADAGECOA_READ,NA,Add
mmcleod,NA,CPLITI01M_SECURE_LITITZ_PLANT_TECH_QUAL ASSUR_ANALYTICAL_CHANGE,NA,Add
mmcleod,NA,CPLITI01M_SECURE_LITITZ_PLANT_TECH_QUAL ASSUR_CHGOVR PROC_CHG,NA,Add
mmcleod,NA,CPLITI01M_SECURE_LITITZ_PLANT_TECH_QUAL ASSUR_FINISH PROD_CHANGE,NA,Add
mmcleod,NA,CPLITI01M_SECURE_LITITZ_PLANT_TECH_QUAL ASSUR_HACCP_CHANGE,NA,Add
mmcleod,NA,CPLITI01M_SECURE_LITITZ_PLANT_TECH_QUAL ASSUR_HACCP_READ,NA,Add
mmcleod,NA,CPLITI01M_SECURE_LITITZ_PLANT_TECH_QUAL ASSUR_MSDS_CHANGE,NA,Add
mmcleod,NA,CPLITI01M_SECURE_LITITZ_PLANT_TECH_QUAL ASSUR_MICRO LAB_CHANGE,NA,Add
mmcleod,NA,CPLITI01M_SECURE_LITITZ_PLANT_TECH_QUAL ASSUR_ON HOLD_CHANGE,NA,Add
mmcleod,NA,CPLITI01M_SECURE_LITITZ_PLANT_TECH_QUAL ASSUR_RAW MATERIALS_CHG,NA,Add
mmcleod,NA,CPLITI01M_SECURE_LITITZ_PLANT_TECH_QUAL ASSUR_REWORK_CHG,NA,Add
mmcleod,NA,CPLITI01M_SECURE_LITITZ_PLANT_TECH_QUAL ASSUR_SUPPLIERS_CHG,NA,Add
mmcleod,NA,CPLITI01M_SECURE_LITITZ_PLANT_TECH_QUAL ASSUR_VISCOSITY_CHG,NA,Add
mmcleod,NA,CPLITI01M_SECURE_LITITZ_PLANT_TECH_QUAL ASSUR_WL HACCP_READ,NA,Add
mmcleod,NA,CPLITI01M_SECURE_LITITZ_PLANT_TECHNICAL_HERSHEY ENVRN_READ,NA,Add
mmcleod,NA,CPLITI01M_SECURE_LITITZ_PLANT_TECHNICAL_PRODINFO_COMP LIST_READ,NA,Add
mmcleod,NA,CPLITI01M_SECURE_LITITZ_PLANT_TECHNICAL_PRODINFO_KOSHER_READ,NA,Add
mmcleod,NA,CPLITI01M_SECURE_LITITZ_PLANT_TECHNICAL_PRODINFO_MSDS_GRKNS_READ,NA,Add
mmcleod,NA,CPLITI01M_SECURE_LITITZ_PLANT_TECHNICAL_PRODINFO_MSDS_PETERS_REA,NA,Add
mmcleod,NA,CPLITI01M_SECURE_LITITZ_PLANT_TECHNICAL_PRODINFO_MSDS_WILBU_READ,NA,Add
mmcleod,NA,CPLITI01M_SECURE_LITITZ_PLNT_TCH_PROD DEV_PRJ_PROJ REQ_READ,NA,Add
mmcleod,NA,CPLITI01M_SECURE_LITITZ_PARK OFFICE_PURCHASING_COPACKERS_CHANGE,NA,Add
mmcleod,NA,CPLITI01M_SECURE_MOUNT JOY_PROD_FORMULAS_CHOCOLATE_READ,NA,Add
mmcleod,NA,CPLITI01M_SECURE_MOUNT JOY_PROD_FORMULAS_LIQUOR_READ,NA,Add
mmcleod,NA,CPLITI01M_SECURE_MOUNT JOY_TECH_QA_ADAGE_READ,NA,Add
mmcleod,NA,CPLITI01M_SECURE_MOUNT JOY_TECH_QA_BEAN YIELD PRJ_READ,NA,Add
mmcleod,NA,CPLITI01M_SECURE_MOUNT JOY_TECH_QA_COAS_READ,NA,Add
mmcleod,NA,CPLITI01M_SECURE_MOUNT JOY_TECH_QA_COCOABEANS_READ,NA,Add
mmcleod,NA,CPLITI01M_SECURE_MOUNT JOY_TECH_QA_CUSTOMERFILES_READ,NA,Add
mmcleod,NA,CPLITI01M_SECURE_MOUNT JOY_TECH_QA_DATABASE_READ,NA,Add
mmcleod,NA,CPLITI01M_SECURE_MOUNT JOY_TECH_QA_FOODSAFETY_READ,NA,Add
mmcleod,NA,CPLITI01M_SECURE_MOUNT JOY_TECH_QA_LIQUOR_READ,NA,Add
mmcleod,NA,CPLITI01M_SECURE_MOUNT JOY_TECH_QA_MICRO RESULTS_CHG,NA,Add
mmcleod,NA,CPLITI01M_SECURE_MOUNT JOY_TECH_QA_MICRO RESULTS_READ,NA,Add
mmcleod,NA,CPLITI01M_SECURE_MOUNT JOY_TECH_QA_MISCELL. LAB FILES_READ,NA,Add
mmcleod,NA,CPLITI01M_SECURE_MOUNT JOY_TECH_QA_MOCK RECALLS_READ,NA,Add
mmcleod,NA,CPLITI01M_SECURE_MOUNT JOY_TECH_QA_PRODUCT FILES_READ,NA,Add
mmcleod,NA,CPLITI01M_SECURE_MOUNT JOY_TECH_QA_QUALITY MEETINGS_READ,NA,Add
mmcleod,NA,CPLITI01M_SECURE_MOUNT JOY_TECH_QA_REWORK_READ,NA,Add
mmcleod,NA,CPLITI01M_SECURE_PLANT_MAINTENANCE_ALLIED_CBM_READ,NA,Add
mmcleod,NA,CPLITI01M_SECURE_PROJECTS_STRATEGY_CHANGE,NA,Add
mmcleod,NA,CPLITI01M_SECURE_QM_LITITZ_MAN_DEPTS_DISTCENTER_READ,NA,Add
mmcleod,NA,CPLITI01M_SECURE_QM_LITITZ_MAN_DEPTS_LOGISTICS_DEPT MAN_READ,NA,Add
mmcleod,NA,CPLITI01M_SECURE_QM_LITITZ_MAN_DEPTS_MAINTENANCE_DEPT MAN_READ,NA,Add
mmcleod,NA,CPLITI01M_SECURE_QM_LITITZ_MAN_DEPTS_MICRO LAB_CALIB MAN_READ,NA,Add
mmcleod,NA,CPLITI01M_SECURE_QM_LITITZ_MAN_DEPTS_MICRO LAB_DEPT MAN_READ,NA,Add
mmcleod,NA,CPLITI01M_SECURE_QM_LITITZ_MAN_DEPTS_PRDDEV_DEPTMAN_CHOCMAN_READ,NA,Add
mmcleod,NA,CPLITI01M_SECURE_QM_LITITZ_MAN_DEPTS_PRDDEV_DEPTMAN_COCOAPP_READ,NA,Add
mmcleod,NA,CPLITI01M_SECURE_QM_LITITZ_MAN_DEPTS_PRDDEV_DEPTMAN_SENSMAN_READ,NA,Add
mmcleod,NA,CPLITI01M_SECURE_QM_LITITZ_MAN_DEPTS_PROD_ADAGEMANUAL_READ,NA,Add
mmcleod,NA,CPLITI01M_SECURE_QM_LITITZ_MAN_DEPTS_PROD_CHOC MAN_READ,NA,Add
mmcleod,NA,CPLITI01M_SECURE_QM_LITITZ_MAN_DEPTS_PROD_COMP MAN_READ,NA,Add
mmcleod,NA,CPLITI01M_SECURE_QM_LITITZ_MAN_DEPTS_PROD_DCCOATINGMFG_READ,NA,Add
mmcleod,NA,CPLITI01M_SECURE_QM_LITITZ_MAN_DEPTS_PROD_GENERAL_READ,NA,Add
mmcleod,NA,CPLITI01M_SECURE_QM_LITITZ_MAN_DEPTS_PROD_PANNING_READ,NA,Add
mmcleod,NA,CPLITI01M_SECURE_QM_LITITZ_MAN_DEPTS_PURCHASING_READ,NA,Add
mmcleod,NA,CPLITI01M_SECURE_QM_LITITZ_MAN_DEPTS_QA_CO-PACKER MAN_CHANGE,NA,Add
mmcleod,NA,CPLITI01M_SECURE_QM_LITITZ_MAN_DEPTS_QA_CO-PACKER MAN_READ,NA,Add
mmcleod,NA,CPLITI01M_SECURE_QM_LITITZ_MAN_DEPTS_QA_CALIBRATION_CHANGE,NA,Add
mmcleod,NA,CPLITI01M_SECURE_QM_LITITZ_MAN_DEPTS_QA_CALIBRATION_READ,NA,Add
mmcleod,NA,CPLITI01M_SECURE_QM_LITITZ_MAN_DEPTS_QA_CHEM HYGIENE_CHANGE,NA,Add
mmcleod,NA,CPLITI01M_SECURE_QM_LITITZ_MAN_DEPTS_QA_CHEM HYGIENE_READ,NA,Add
mmcleod,NA,CPLITI01M_SECURE_QM_LITITZ_MAN_DEPTS_QA_DEPT MANUAL_CHANGE,NA,Add
mmcleod,NA,CPLITI01M_SECURE_QM_LITITZ_MAN_DEPTS_QA_DEPT MANUAL_READ,NA,Add
mmcleod,NA,CPLITI01M_SECURE_QM_LITITZ_MAN_DEPTS_QUAL PROC_AUDITS_READ,NA,Add
mmcleod,NA,CPLITI01M_SECURE_QM_LITITZ_MAN_DEPTS_QUAL PROC_CORRECT_READ,NA,Add
mmcleod,NA,CPLITI01M_SECURE_QM_LITITZ_MAN_DEPTS_QUAL PROC_DEPT_READ,NA,Add
mmcleod,NA,CPLITI01M_SECURE_QM_LITITZ_MAN_DEPTS_QUAL PROC_DOC_READ,NA,Add
mmcleod,NA,CPLITI01M_SECURE_QM_LITITZ_MAN_DEPTS_SALES_ADMIN MANUAL_READ,NA,Add
mmcleod,NA,CPLITI01M_SECURE_QM_LITITZ_MAN_DEPTS_SALES_CUST SERV DEPT_READ,NA,Add
mmcleod,NA,CPLITI01M_SECURE_QM_LITITZ_MAN_DEPTS_SALES_DEPT_READ,NA,Add
mmcleod,NA,CPLITI01M_SECURE_QM_LITITZ_MAN_DEPTS_SALES_LOGISTICS MANUAL_READ,NA,Add
mmcleod,NA,CPLITI01M_SECURE_QM_LITITZ_MAN_DEPTS_SALES_MAXIMIZER_READ,NA,Add
mmcleod,NA,CPLITI01M_SECURE_QM_MOUNT JOY_MAN_DEPTS_MNTC_CALIB MAN_READ,NA,Add
mmcleod,NA,CPLITI01M_SECURE_QM_MOUNT JOY_MAN_DEPTS_MNTC_DEPT MAN_READ,NA,Add
mmcleod,NA,CPLITI01M_SECURE_QM_MOUNT JOY_MAN_DEPTS_PROD_BLENDING_READ,NA,Add
mmcleod,NA,CPLITI01M_SECURE_QM_MOUNT JOY_MAN_DEPTS_PROD_CHOC SHIP_READ,NA,Add
mmcleod,NA,CPLITI01M_SECURE_QM_MOUNT JOY_MAN_DEPTS_PROD_GENERAL_READ,NA,Add
mmcleod,NA,CPLITI01M_SECURE_QM_MOUNT JOY_MAN_DEPTS_PROD_LIQUOR_READ,NA,Add
mmcleod,NA,CPLITI01M_SECURE_QM_MOUNT JOY_MAN_DEPTS_PROD_MOLDING SPEC_READ,NA,Add
mmcleod,NA,CPLITI01M_SECURE_QM_MOUNT JOY_MAN_DEPTS_PROD_MOLDING_READ,NA,Add
mmcleod,NA,CPLITI01M_SECURE_QM_MOUNT JOY_MAN_DEPTS_QA_CALIBRATION_READ,NA,Add
mmcleod,NA,CPLITI01M_SECURE_QM_QUALITY SYSTEMS MANUAL_READ,NA,Add
mmcleod,NA,CPLITI01M_SECURE_QM_READ,NA,Add
mmcleod,NA,CPLITI01M_SHARED_LITITZ_PARK OFFICE_REPORTS_PURCHASING_CHG,NA,Add
mmcleod,NA,CPLITI01M_SHARED_LITITZ_PARK OFFICE_SALES_FULFILLMENT_CHANGE,NA,Add
mmcleod,NA,CPLITI01M_SHARED_LITITZ_PLANT_ADMINISTRATION_CHANGE,NA,Add
mmcleod,NA,CPLITI01M_SHARED_LITITZ_PLANT_PRODUCTION_PROD MTG MINUTES_READ,NA,Add
mmcleod,NA,CPLITI01M_SHARED_LITITZ_PLANT_PRODUCTION_SUPERVISORS_CHANGE,NA,Add
mmcleod,NA,CPLITI01M_SHARED_LITITZ_PLANT_TECHNICAL_COAS_CHANGE,NA,Add
mmcleod,NA,CPLITI01M_SHARED_LITITZ_PLANT_TECHNICAL_QUALITY ASSURANCE_CHANGE,NA,Add
mmcleod,NA,CPLITI01M_SECURE_LITITZ_PLANT_TECH_PRODINFO_STMTS_NOTGRK_READ,NA,Add
kdell1,NA,CPLITI01M_LITITZ_LOGISTICS_DEPARTMENT_DEFAULTS,NA,Add
kdell1,NA,CPLITI01M_LITITZ_SUPPLY CHAIN_DEFAULTS,NA,Add
kdell1,NA,CPLITI01M_SECURE_LITITZ_PARK OFFICE_LOGISTICS_CUSTOMS_CHANGE,NA,Add
kdell1,NA,CPLITI01M_SECURE_LITITZ_PARK OFFICE_PURCHASING_PURCHORDFRM_READ,NA,Add
kdell1,NA,CPLITI01M_SECURE_LITITZ_PARK OFFICE_SALES_CALENDERS_CHANGE,NA,Add
kdell1,NA,CPLITI01M_SECURE_LITITZ_PARK OFFICE_SALES_GSS_ISO_READ,NA,Add
kdell1,NA,CPLITI01M_SECURE_LITITZ_PARK OFFICE_SALES_GERKENS_IMPTRK_CHANGE,NA,Add
kdell1,NA,CPLITI01M_SECURE_LITITZ_PARK OFFICE_SALES_GERKENS_REPORTS_CHANGE,NA,Add
kdell1,NA,CPLITI01M_SECURE_LITITZ_PARK OFFICE_SALES_GERKENS_WHSE_CHANGE,NA,Add
kdell1,NA,CPLITI01M_SECURE_LITITZ_PARK OFFICE_SALES_PETERS PRICING_READ,NA,Add
kdell1,NA,CPLITI01M_SECURE_LITITZ_PARK OFFICE_SALES_WSS_ISO_READ,NA,Add
kdell1,NA,CPLITI01M_SECURE_LITITZ_PARK OFFICE_SALES_WILBUR PRICING_CHG,NA,Add
kdell1,NA,CPLITI01M_SECURE_LITITZ_PARK OFFICE_SUPPLY CHAIN_CHANGE,NA,Add
kdell1,NA,CPLITI01M_SECURE_LITITZ_PLANT_ENGINEERING_ASSIST REPORTS_READ,NA,Add
kdell1,NA,CPLITI01M_SECURE_LITITZ_PLANT_TECH_PRODINFO_SPEC_GRKNS_FRANCE_RE,NA,Add
kdell1,NA,CPLITI01M_SECURE_LITITZ_PLANT_TECHNICAL_PRODINFO_MSDS_GRKNS_READ,NA,Add
kdell1,NA,CPLITI01M_SECURE_MOUNT JOY_TECH_PROD INFO_SPECS_LIQUOR_READ,NA,Add
kdell1,NA,CPLITI01M_SECURE_QM_LITITZ_MAN_DEPTS_LOGISTICS_DEPT MAN_READ,NA,Add
kdell1,NA,CPLITI01M_SECURE_QM_LITITZ_MAN_DEPTS_SALES_ADMIN MANUAL_READ,NA,Add
kdell1,NA,CPLITI01M_SECURE_QM_LITITZ_MAN_DEPTS_SALES_LOGISTICS MANUAL_READ,NA,Add
kdell1,NA,CPLITI01M_SHARED_HQ_PRODCODE_CHANGE,NA,Add
kdell1,NA,CPLITI01M_SHARED_HQ_PURCHASE_CHANGE,NA,Add
kdell1,NA,CPLITI01M_SHARED_HQ_SALES_CHANGE,NA,Add
kdell1,NA,CPLITI01M_SHARED_LITITZ_PARK OFFICE_REPORTS_RETURNS_CHG,NA,Add
kdell1,NA,CPLITI01M_SHARED_LITITZ_PARK OFFICE_SALES_CHANGE,NA,Add
mbuller,NA,CPLITI01M_MOUNT JOY_PRODUCTION_DEPARTMENT_DEFAULTS,NA,Add
mbuller,NA,CPLITI01M_PROGRAM FILES_MOUNT JOY_BAPPTRACK_CHANGE,NA,Add
mbuller,NA,CPLITI01M_SECURE_LITITZ_PLANT_BUDS_READ,NA,Add
mbuller,NA,CPLITI01M_SECURE_MOUNT JOY_ADMINISTRATION_HOURLYVACATION_READ,NA,Add
mbuller,NA,CPLITI01M_SECURE_MOUNT JOY_PROD_FORMULAS_CHOCOLATE_READ,NA,Add
mbuller,NA,CPLITI01M_SECURE_MOUNT JOY_PROD_FORMULAS_LIQUOR_READ,NA,Add
mbuller,NA,CPLITI01M_SECURE_MOUNT JOY_PRODUCTION_DAILYPROCS_READ,NA,Add
mbuller,NA,CPLITI01M_SECURE_MOUNT JOY_PRODUCTION_LPP DATALOGGER_ READ,NA,Add
mbuller,NA,CPLITI01M_SECURE_MOUNT JOY_PRODUCTION_SCHEDULE_READ,NA,Add
mbuller,NA,CPLITI01M_SECURE_MOUNT JOY_TECH_QA_DATABASE_READ,NA,Add
mbuller,NA,CPLITI01M_SECURE_MOUNT JOY_TECH_QA_LIQUOR_ READ,NA,Add
mbuller,NA,CPLITI01M_SECURE_PLANT_MAINTENANCE_ALLIED_CBM_READ,NA,Add
mbuller,NA,CPLITI01M_SECURE_QM_MOUNT JOY_MAN_DEPTS_PROD_LIQUOR_ READ,NA,Add
mbuller,NA,CPLITI01M_SHARED_MOUNT JOY_BUDS_CHANGE,NA,Add
mbuller,NA,CPLITI01M_SHARED_MOUNT JOY_PRODUCTION_ READ,NA,Add
sdrake1,NA,CPLITI01M_LITITZ_PARK OFFICE_ADMINISTRATION_DEPARTMENT_DEFAULTS,NA,Add
sdrake1,NA,CPLITI01M_SECURE_LITITZ_PARK OFFICE_ADMIN_NEWS LETTER_CHG,NA,Add
sdrake1,NA,CPLITI01M_SECURE_LITITZ_PARK OFFICE_BD_COMPLEX_CHG,NA,Add
sdrake1,NA,CPLITI01M_SECURE_LITITZ_PARK OFFICE_BD_MASTER_CHG,NA,Add
sdrake1,NA,CPLITI01M_SECURE_LITITZ_PARK OFFICE_BU PLAN_CHANGE,NA,Add
sdrake1,NA,CPLITI01M_SECURE_LITITZ_PARK OFFICE_HR_EMPLOYEE LOG_CHG,NA,Add
sdrake1,NA,CPLITI01M_SECURE_LITITZ_PARK OFFICE_HR_HR SHARED FILES_CHG,NA,Add
sdrake1,NA,CPLITI01M_SECURE_LITITZ_PARK OFFICE_HR_LEGAL DOCUMENTS_CHG,NA,Add
sdrake1,NA,CPLITI01M_SECURE_LITITZ_PARK OFFICE_HR_SUPPLEMENTAL PAYROLL_CHG,NA,Add
sdrake1,NA,CPLITI01M_SECURE_LITITZ_PARK OFFICE_LEAD TEAM_STRATEGIC DOCS_CHG,NA,Add
sdrake1,NA,CPLITI01M_SECURE_LITITZ_PLANT_ADMIN_LITITZ VACATION HRLY_READ,NA,Add
sdrake1,NA,CPLITI01M_SECURE_LITITZ_PLANT_HUMAN RES_CHANGE,NA,Add
sdrake1,NA,CPLITI01M_SECURE_LITITZ_PLANT_HUMAN RES_HRFORMS_CHANGE,NA,Add
sdrake1,NA,CPLITI01M_SECURE_LITITZ_PLANT_PRODUCTION_UNION INFO_CHANGE,NA,Add
sdrake1,NA,CPLITI01M_SECURE_PROJECTS_STRATEGY_CHANGE,NA,Add
sdrake1,NA,CPLITI01M_SECURE_QM_LITITZ_MAN_DEPTS_DISTCENTER_READ,NA,Add
sdrake1,NA,CPLITI01M_SECURE_QM_LITITZ_MAN_DEPTS_LOGISTICS_DEPT MAN_READ,NA,Add
sdrake1,NA,CPLITI01M_SECURE_QM_LITITZ_MAN_DEPTS_MICRO LAB_CALIB MAN_READ,NA,Add
sdrake1,NA,CPLITI01M_SECURE_QM_LITITZ_MAN_DEPTS_MICRO LAB_DEPT MAN_READ,NA,Add
sdrake1,NA,CPLITI01M_SECURE_QM_LITITZ_MAN_DEPTS_PRDDEV_DEPTMAN_CHOCMAN_READ,NA,Add
sdrake1,NA,CPLITI01M_SECURE_QM_LITITZ_MAN_DEPTS_PRDDEV_DEPTMAN_COCOAPP_READ,NA,Add
sdrake1,NA,CPLITI01M_SECURE_QM_LITITZ_MAN_DEPTS_PRDDEV_DEPTMAN_SENSMAN_READ,NA,Add
sdrake1,NA,CPLITI01M_SECURE_QM_LITITZ_MAN_DEPTS_PROD_CHOC MAN_READ,NA,Add
sdrake1,NA,CPLITI01M_SECURE_QM_LITITZ_MAN_DEPTS_PROD_COMP MAN_READ,NA,Add
sdrake1,NA,CPLITI01M_SECURE_QM_LITITZ_MAN_DEPTS_PROD_DCCOATINGMFG_READ,NA,Add
sdrake1,NA,CPLITI01M_SECURE_QM_LITITZ_MAN_DEPTS_PROD_GENERAL_READ,NA,Add
sdrake1,NA,CPLITI01M_SECURE_QM_LITITZ_MAN_DEPTS_PROD_PANNING_READ,NA,Add
sdrake1,NA,CPLITI01M_SECURE_QM_LITITZ_MAN_DEPTS_PURCHASING_READ,NA,Add
sdrake1,NA,CPLITI01M_SECURE_QM_LITITZ_MAN_DEPTS_QA_CO-PACKER MAN_READ,NA,Add
sdrake1,NA,CPLITI01M_SECURE_QM_LITITZ_MAN_DEPTS_QA_CALIBRATION_READ,NA,Add
sdrake1,NA,CPLITI01M_SECURE_QM_LITITZ_MAN_DEPTS_QA_CHEM HYGIENE_READ,NA,Add
sdrake1,NA,CPLITI01M_SECURE_QM_LITITZ_MAN_DEPTS_QA_DEPT MANUAL_READ,NA,Add
sdrake1,NA,CPLITI01M_SECURE_QM_LITITZ_MAN_DEPTS_QUAL PROC_AUDITS_READ,NA,Add
sdrake1,NA,CPLITI01M_SECURE_QM_LITITZ_MAN_DEPTS_SALES_ADMIN MANUAL_READ,NA,Add
sdrake1,NA,CPLITI01M_SECURE_QM_LITITZ_MAN_DEPTS_SALES_CUST SERV DEPT_READ,NA,Add
sdrake1,NA,CPLITI01M_SECURE_QM_LITITZ_MAN_DEPTS_SALES_LOGISTICS MANUAL_READ,NA,Add
sdrake1,NA,CPLITI01M_SECURE_QM_MOUNT JOY_MAN_DEPTS_MNTC_CALIB MAN_READ,NA,Add
sdrake1,NA,CPLITI01M_SECURE_QM_MOUNT JOY_MAN_DEPTS_MNTC_DEPT MAN_READ,NA,Add
sdrake1,NA,CPLITI01M_SECURE_QM_MOUNT JOY_MAN_DEPTS_PROD_BLENDING_READ,NA,Add
sdrake1,NA,CPLITI01M_SECURE_QM_MOUNT JOY_MAN_DEPTS_PROD_CHOC SHIP_READ,NA,Add
sdrake1,NA,CPLITI01M_SECURE_QM_MOUNT JOY_MAN_DEPTS_PROD_GENERAL_READ,NA,Add
sdrake1,NA,CPLITI01M_SECURE_QM_MOUNT JOY_MAN_DEPTS_PROD_LIQUOR_READ,NA,Add
sdrake1,NA,CPLITI01M_SECURE_QM_MOUNT JOY_MAN_DEPTS_PROD_MOLDING SPEC_READ,NA,Add
sdrake1,NA,CPLITI01M_SECURE_QM_MOUNT JOY_MAN_DEPTS_PROD_MOLDING_READ,NA,Add
sdrake1,NA,CPLITI01M_SECURE_QM_MOUNT JOY_MAN_DEPTS_QA_CALIBRATION_READ,NA,Add
sdrake1,NA,CPLITI01M_SECURE_QM_QUALITY SYSTEMS MANUAL_READ,NA,Add
sdrake1,NA,CPLITI01M_SECURE_TARTAN_CHANGE,NA,Add
sdrake1,NA,CPLITI01M_SHARED_LITITZ_PARK OFFICE_ACCOUNTING_READ,NA,Add
sdrake1,NA,CPLITI01M_SHARED_LITITZ_PARK OFFICE_ACCOUNTING_RETENTION_READ,NA,Add
sdrake1,NA,CPLITI01M_SHARED_LITITZ_PARK OFFICE_ADMINISTRATION_CHANGE,NA,Add
sdrake1,NA,CPLITI01M_SHARED_LITITZ_PARK OFFICE_HR_CHANGE,NA,Add
eroerin1,NA,CPLITI01M_SECURE_LITITZ_PARK OFFICE_ACCTG_BUDGETS_CHANGE,NA,Add
jhildebr,NA,CPLITI01M_LITITZ_SUPPLY CHAIN_DEFAULTS,NA,Add
jhildebr,NA,CPLITI01M_SECURE_QM_LITITZ_MAN_DEPTS_SALES_ADMIN MANUAL_READ,NA,Add
jhildebr,NA,CPLITI01M_SECURE_QM_LITITZ_MAN_DEPTS_SALES_CUST SERV DEPT_READ,NA,Add
jhildebr,NA,CPLITI01M_SECURE_LITITZ_PARK OFFICE_SUPPLY CHAIN_CHANGE,NA,Add
jhildebr,NA,CPLITI01M_SHARED_LITITZ_PARK OFFICE_SALES_CHANGE,NA,Add
jhildebr,NA,CPLITI01M_LITITZ_LOGISTICS_DEPARTMENT_DEFAULTS,NA,Remove
jhildebr,NA,CPLITI01M_SECURE_LITITZ_PARK OFFICE_ADMIN_NEWS LETTER_CHANGE,NA,Remove
jhildebr,NA,CPLITI01M_SECURE_LITITZ_PARK OFFICE_LOGISTICS_CUSTOMS_CHANGE,NA,Remove
jhildebr,NA,CPLITI01M_SECURE_LITITZ_PARK OFFICE_PURCHASING_PURCHORDFRM_READ,NA,Remove
jhildebr,NA,CPLITI01M_SECURE_LITITZ_PARK OFFICE_SALES_CALENDERS_CHANGE,NA,Remove
jhildebr,NA,CPLITI01M_SECURE_LITITZ_PARK OFFICE_SALES_GSS_ISO_READ,NA,Remove
jhildebr,NA,CPLITI01M_SECURE_LITITZ_PARK OFFICE_SALES_GERKENS_IMPTRK_READ,NA,Remove
jhildebr,NA,CPLITI01M_SECURE_LITITZ_PARK OFFICE_SALES_GERKENS_REPORTS_CHANGE,NA,Remove
jhildebr,NA,CPLITI01M_SECURE_LITITZ_PARK OFFICE_SALES_GERKENS_WHSE_CHANGE,NA,Remove
jhildebr,NA,CPLITI01M_SECURE_LITITZ_PARK OFFICE_SALES_PETERS PRICING_READ,NA,Remove
jhildebr,NA,CPLITI01M_SECURE_LITITZ_PARK OFFICE_SALES_WSS_ISO_READ,NA,Remove
jhildebr,NA,CPLITI01M_SECURE_LITITZ_PARK OFFICE_SALES_WILBUR PRICING_CHANGE,NA,Remove
jhildebr,NA,CPLITI01M_SECURE_LITITZ_PLANT_ENGINEERING_ASSIST REPORTS_READ,NA,Remove
jhildebr,NA,CPLITI01M_SECURE_LITITZ_PLANT_TECH_PRODINFO_SPEC_GRKNS_FRANCE_READ,NA,Remove
jhildebr,NA,CPLITI01M_SECURE_LITITZ_PLANT_TECHNICAL_PROD DEV_CALENDERS_READ,NA,Remove
jhildebr,NA,CPLITI01M_SECURE_QM_LITITZ_MAN_DEPTS_LOGISTICS_DEPT MAN_READ,NA,Remove
jhildebr,NA,CPLITI01M_SECURE_QM_LITITZ_MAN_DEPTS_SALES_LOGISTICS MANUAL_READ,NA,Remove
jhildebr,NA,CPLITI01M_SHARED_HQ_PRODCODE_CHANGE,NA,Remove
jhildebr,NA,CPLITI01M_SHARED_HQ_SALES_CHANGE,NA,Remove
jhildebr,NA,CPLITI01M_SHARED_LITITZ_PARK OFFICE_REPORTS_EDI_CHANGE,NA,Remove
jhildebr,NA,CPLITI01M_SHARED_LITITZ_PARK OFFICE_REPORTS_ORDERS_CHANGE,NA,Remove
jhildebr,NA,CPLITI01M_SHARED_LITITZ_PARK OFFICE_REPORTS_RETURNS_CHANGE,NA,Remove
bnagy,NA,CPLITI01M_SECURE_LITITZ_PARK OFFICE_SUPPLY CHAIN_CHANGE,NA,Add
bnagy,NA,CPLITI01M_SECURE_QM_LITITZ_MAN_DEPTS_SALES_ADMIN MANUAL_READ,NA,Add
bnagy,NA,CPLITI01M_SECURE_QM_LITITZ_MAN_DEPTS_SALES_CUST SERV DEPT_READ,NA,Add
bnagy,NA,CPLITI01M_SHARED_LITITZ_PARK OFFICE_SALES_CHANGE,NA,Add
kthomps2,NA,CPLITI01M_LITITZ_SUPPLY CHAIN_DEFAULTS,NA,Add
kthomps2,NA,CPLITI01M_LITITZ_WILBURCUSTOMERSERVICE_DEPT_DEFAULTS,NA,Add
kthomps2,NA,CPLITI01M_SECURE_LITITZ_PARK OFFICE_ADMIN_NEWS LETTER_CHG,NA,Add
kthomps2,NA,CPLITI01M_SECURE_LITITZ_PARK OFFICE_SALES_COMPLAIN_CHANGE,NA,Add
kthomps2,NA,CPLITI01M_SECURE_LITITZ_PARK OFFICE_SALES_RETDISLOGS_READ,NA,Add
kthomps2,NA,CPLITI01M_SECURE_LITITZ_PARK OFFICE_SUPPLY CHAIN_CHANGE,NA,Add
kthomps2,NA,CPLITI01M_SECURE_LITITZ_PLANT_TECH_PRODINFO_SPEC_GRKNS_FRANCE_RE,NA,Add
kthomps2,NA,CPLITI01M_SECURE_LITITZ_PLANT_TECHNICAL_PROD DEV_CALENDERS_READ,NA,Add
kthomps2,NA,CPLITI01M_SECURE_LITITZ_PLANT_TECHNICAL_PRODINFO_COMP SPECS_READ,NA,Add
kthomps2,NA,CPLITI01M_SECURE_LITITZ_PLANT_TECHNICAL_SQI_READ,NA,Add
kthomps2,NA,CPLITI01M_SECURE_MOUNT JOY_PRODUCTION_SCHEDULE_READ,NA,Add
kthomps2,NA,CPLITI01M_SECURE_QM_LITITZ_MAN_DEPTS_SALES_CUST SERV DEPT_CHANGE,NA,Add
kthomps2,NA,CPLITI01M_SECURE_QM_QUALITY SYSTEMS MANUAL_READ,NA,Add
kthomps2,NA,CPLITI01M_SHARED_LITITZ_PARK OFFICE_REPORTS_EDI_CHG,NA,Add
kthomps2,NA,CPLITI01M_SHARED_LITITZ_PARK OFFICE_REPORTS_INVENTORY_CHG,NA,Add
kthomps2,NA,CPLITI01M_SHARED_LITITZ_PARK OFFICE_REPORTS_ORDERS_CHG,NA,Add
kthomps2,NA,CPLITI01M_SHARED_LITITZ_PARK OFFICE_REPORTS_RETURNS_CHG,NA,Add
cburkho1,NA,CPLITI01M_LITITZ_SUPPLY CHAIN_DEFAULTS,NA,Add
cburkho1,NA,CPLITI01M_LITITZ_WILBURCUSTOMERSERVICE_DEPT_DEFAULTS,NA,Add
cburkho1,NA,CPLITI01M_SECURE_LITITZ_PARK OFFICE_ADMIN_NEWS LETTER_CHG,NA,Add
cburkho1,NA,CPLITI01M_SECURE_LITITZ_PARK OFFICE_SALES_COMPLAIN_CHANGE,NA,Add
cburkho1,NA,CPLITI01M_SECURE_LITITZ_PARK OFFICE_SALES_RETDISLOGS_READ,NA,Add
cburkho1,NA,CPLITI01M_SECURE_LITITZ_PARK OFFICE_SUPPLY CHAIN_CHANGE,NA,Add
cburkho1,NA,CPLITI01M_SECURE_LITITZ_PLANT_TECH_PRODINFO_SPEC_GRKNS_FRANCE_RE,NA,Add
cburkho1,NA,CPLITI01M_SECURE_LITITZ_PLANT_TECHNICAL_PROD DEV_CALENDERS_READ,NA,Add
cburkho1,NA,CPLITI01M_SECURE_LITITZ_PLANT_TECHNICAL_PRODINFO_COMP SPECS_READ,NA,Add
cburkho1,NA,CPLITI01M_SECURE_LITITZ_PLANT_TECHNICAL_SQI_READ,NA,Add
cburkho1,NA,CPLITI01M_SECURE_MOUNT JOY_PRODUCTION_SCHEDULE_READ,NA,Add
cburkho1,NA,CPLITI01M_SECURE_QM_LITITZ_MAN_DEPTS_SALES_CUST SERV DEPT_CHANGE,NA,Add
cburkho1,NA,CPLITI01M_SECURE_QM_QUALITY SYSTEMS MANUAL_READ,NA,Add
cburkho1,NA,CPLITI01M_SHARED_LITITZ_PARK OFFICE_REPORTS_EDI_CHG,NA,Add
cburkho1,NA,CPLITI01M_SHARED_LITITZ_PARK OFFICE_REPORTS_INVENTORY_CHG,NA,Add
cburkho1,NA,CPLITI01M_SHARED_LITITZ_PARK OFFICE_REPORTS_ORDERS_CHG,NA,Add
cburkho1,NA,CPLITI01M_SHARED_LITITZ_PARK OFFICE_REPORTS_RETURNS_CHG,NA,Add
roconigl,NA,CPLITI01M_SECURE_MOUNT JOY_PRODUCTION_SCHEDULE_READ,NA,Add
dmaounis,NA,CPLITI01M_SECURE_MOUNT JOY_PRODUCTION_SCHEDULE_READ,NA,Add
kthomps2,NA,CPLITI01M_Secure_Lititz_Plant_Production_Schedule_Read,NA,Add
cburkho1,NA,CPLITI01M_Secure_Lititz_Plant_Production_Schedule_Read,NA,Add
roconigl,NA,CPLITI01M_Secure_Lititz_Plant_Production_Schedule_Read,NA,Add
dmaounis,NA,CPLITI01M_Secure_Lititz_Plant_Production_Schedule_Read,NA,Add
crowewh3 ,NA,CPLITI01M_Secure_Lititz_Plant_Tech_ProdInfo_Spec_Veliche_Read,NA,Add
crowewh3 ,NA,CPLITI01M_SECURE_LITITZ_DIST CTR_SAMPLES_LABELS_CHANGE,NA,Add
crowewh3,NA,CPLITI01M_SECURE_LITITZ_PLANT_TECH_PRODINFO_LNCS_GRKNS_READ,NA,Add
crowewh3,NA,CPLITI01M_SECURE_LITITZ_PLANT_TECH_PRODINFO_LNCS_PETERS_READ,NA,Add
crowewh3,NA,CPLITI01M_SECURE_LITITZ_PLANT_TECH_PRODINFO_LNCS_VELICHE_READ,NA,Add
crowewh3,NA,CPLITI01M_SECURE_LITITZ_PLANT_TECH_PRODINFO_LNCS_WILBUR_READ,NA,Add
crowewh3,NA,CPLITI01M_SECURE_LITITZ_PLANT_TECH_PRODINFO_NUTDATA_GRKNS_READ,NA,Add
crowewh3,NA,CPLITI01M_SECURE_LITITZ_PLANT_TECH_PRODINFO_NUTDATA_LAB USE_READ,NA,Add
crowewh3,NA,CPLITI01M_SECURE_LITITZ_PLANT_TECH_PRODINFO_NUTDATA_PETERS_READ,NA,Add
crowewh3,NA,CPLITI01M_SECURE_LITITZ_PLANT_TECH_PRODINFO_NUTDATA_WILBUR_READ,NA,Add
crowewh3,NA,CPLITI01M_SECURE_LITITZ_PLANT_TECH_PRODINFO_SHELFLIFE_GRKNS_READ,NA,Add
crowewh3,NA,CPLITI01M_SECURE_LITITZ_PLANT_TECH_PRODINFO_SHELFLIFE_PETERS_REA,NA,Add
crowewh3,NA,CPLITI01M_SECURE_LITITZ_PLANT_TECH_PRODINFO_SHELFLIFE_WLBR_READ,NA,Add
crowewh3,NA,CPLITI01M_SECURE_LITITZ_PLANT_TECH_PRODINFO_SPEC_CO-PACKERS_READ,NA,Add
crowewh3,NA,CPLITI01M_SECURE_LITITZ_PLANT_TECH_PRODINFO_SPEC_GRKNS_BRAZ_REA,NA,Add
crowewh3,NA,CPLITI01M_SECURE_LITITZ_PLANT_TECH_PRODINFO_SPEC_GRKNS_FRANCE_RE,NA,Add
crowewh3,NA,CPLITI01M_SECURE_LITITZ_PLANT_TECH_PRODINFO_SPEC_GRKNS_HOLL_REA,NA,Add
crowewh3,NA,CPLITI01M_SECURE_LITITZ_PLANT_TECH_PRODINFO_SPEC_GRKNS_IVORY_REA,NA,Add
crowewh3,NA,CPLITI01M_SECURE_LITITZ_PLANT_TECH_PRODINFO_SPEC_GRKNS_LIBRA_REA,NA,Add
crowewh3,NA,CPLITI01M_SECURE_LITITZ_PLANT_TECH_PRODINFO_SPEC_LAB USE_READ,NA,Add
crowewh3,NA,CPLITI01M_SECURE_LITITZ_PLANT_TECH_PRODINFO_SPEC_PETERS_READ,NA,Add
crowewh3,NA,CPLITI01M_SECURE_LITITZ_PLANT_TECH_PRODINFO_SPEC_RAWMATSPEC_READ,NA,Add
crowewh3,NA,CPLITI01M_SECURE_LITITZ_PLANT_TECH_PRODINFO_SPEC_WILBUR_READ,NA,Add
crowewh3,NA,CPLITI01M_SECURE_LITITZ_PLANT_TECH_PRODINFO_STMTS_GRKNS_READ,NA,Add
crowewh3,NA,CPLITI01M_SECURE_LITITZ_PLANT_TECH_PRODINFO_STMTS_PETERS_READ,NA,Add
crowewh3,NA,CPLITI01M_SECURE_LITITZ_PLANT_TECH_PRODINFO_STMTS_WLBR_READ,NA,Add
crowewh3,NA,CPLITI01M_SECURE_LITITZ_PLANT_TECHNICAL_PRODINFO_KOSHER_READ,NA,Add
crowewh3,NA,CPLITI01M_SECURE_LITITZ_PLANT_TECHNICAL_PRODINFO_MSDS_PETERS_REA,NA,Add
crowewh3,NA,CPLITI01M_SECURE_LITITZ_PLANT_TECHNICAL_PRODINFO_MSDS_VELICHE_RD,NA,Add
crowewh3,NA,CPLITI01M_SECURE_LITITZ_PLANT_TECH_PRODINFO_STMTS_NOTGRK_READ,NA,Add
crowewh3,NA,CPLITI01M_Shared_Lititz_Dist Center_Samples_Change,NA,Add
rhobson,NA,CPLITI01M_MOUNT JOY_PRODUCTION_DEPARTMENT_DEFAULTS,NA,Add
rhobson,NA,CPLITI01M_SECURE_LITITZ_PARK OFFICE_ACTG_C AND M_CAP PRJS_READ,NA,Add
rhobson,NA,CPLITI01M_SECURE_LITITZ_PARK OFFICE_ACTG_C AND M_PROJ INFO_READ,NA,Add
rhobson,NA,CPLITI01M_SECURE_LITITZ_PARK OFFICE_BU PLAN_CHANGE,NA,Add
rhobson,NA,CPLITI01M_SECURE_LITITZ_PARK OFFICE_PURCHASING_BURLINCRUMB_READ,NA,Add
rhobson,NA,CPLITI01M_SECURE_LITITZ_PARK OFFICE_PURCHASING_PURCHORDFRM_READ,NA,Add
rhobson,NA,CPLITI01M_SECURE_LITITZ_PLANT_ADMIN_PRESENTATIONS_CHANGE,NA,Add
rhobson,NA,CPLITI01M_SECURE_LITITZ_PLANT_ADMIN_PROD VAC SCHED_READ,NA,Add
rhobson,NA,CPLITI01M_SECURE_LITITZ_PLANT_BUDS_READ,NA,Add
rhobson,NA,CPLITI01M_SECURE_LITITZ_PLANT_ENGINEERING_ACAD_PRJ_MJOY_READ,NA,Add
rhobson,NA,CPLITI01M_SECURE_LITITZ_PLANT_HUMAN RES_EMPTRLOGS_READ,NA,Add
rhobson,NA,CPLITI01M_SECURE_LITITZ_PLANT_HUMAN RES_HRFORMS_READ,NA,Add
rhobson,NA,CPLITI01M_SECURE_LITITZ_PLANT_HUMAN RES_READ,NA,Add
rhobson,NA,CPLITI01M_SECURE_LITITZ_PLANT_PRODUCTION_LABELS_READ,NA,Add
rhobson,NA,CPLITI01M_SECURE_LITITZ_PLANT_PRODUCTION_SCHEDULE_READ,NA,Add
rhobson,NA,CPLITI01M_SECURE_MOUNT JOY_ADMINISTRATION_HOURLYVACATION_READ,NA,Add
rhobson,NA,CPLITI01M_SECURE_MOUNT JOY_MAINTENANCE_INSPECTIONS_READ,NA,Add
rhobson,NA,CPLITI01M_SECURE_MOUNT JOY_MAINTENANCE_MP2PICTURES_READ,NA,Add
rhobson,NA,CPLITI01M_SECURE_MOUNT JOY_MAINTENANCE_PLANNING_READ,NA,Add
rhobson,NA,CPLITI01M_SECURE_MOUNT JOY_MAINTENANCE_SCHED INPUT_CHANGE,NA,Add
rhobson,NA,CPLITI01M_SECURE_MOUNT JOY_MAINTENANCE_SCHEDUILING_READ,NA,Add
rhobson,NA,CPLITI01M_SECURE_MOUNT JOY_PROD_FORMULAS_CHOCOLATE_READ,NA,Add
rhobson,NA,CPLITI01M_SECURE_MOUNT JOY_PROD_FORMULAS_LIQUOR_READ,NA,Add
rhobson,NA,CPLITI01M_SECURE_MOUNT JOY_PRODUCTION_DAILYOPS_READ,NA,Add
rhobson,NA,CPLITI01M_SECURE_MOUNT JOY_PRODUCTION_DAILYPROCS_CHANGE,NA,Add
rhobson,NA,CPLITI01M_SECURE_MOUNT JOY_PRODUCTION_JMONTALVO_CHANGE,NA,Add
rhobson,NA,CPLITI01M_SECURE_MOUNT JOY_PRODUCTION_LPP DATALOGGER_CHANGE,NA,Add
rhobson,NA,CPLITI01M_SECURE_MOUNT JOY_PRODUCTION_LABELS_READ,NA,Add
rhobson,NA,CPLITI01M_SECURE_MOUNT JOY_PRODUCTION_SCHEDULE_CHANGE,NA,Add
rhobson,NA,CPLITI01M_SECURE_MOUNT JOY_TECH_QA_ADAGE_READ,NA,Add
rhobson,NA,CPLITI01M_SECURE_MOUNT JOY_TECH_QA_BEAN YIELD PRJ_READ,NA,Add
rhobson,NA,CPLITI01M_SECURE_MOUNT JOY_TECH_QA_COAS_READ,NA,Add
rhobson,NA,CPLITI01M_SECURE_MOUNT JOY_TECH_QA_COCOABEANS_READ,NA,Add
rhobson,NA,CPLITI01M_SECURE_MOUNT JOY_TECH_QA_CUSTOMERFILES_READ,NA,Add
rhobson,NA,CPLITI01M_SECURE_MOUNT JOY_TECH_QA_DATABASE_READ,NA,Add
rhobson,NA,CPLITI01M_SECURE_MOUNT JOY_TECH_QA_FOODSAFETY_READ,NA,Add
rhobson,NA,CPLITI01M_SECURE_MOUNT JOY_TECH_QA_LIQUOR_CHANGE,NA,Add
rhobson,NA,CPLITI01M_SECURE_MOUNT JOY_TECH_QA_LIQUOR_READ,NA,Add
rhobson,NA,CPLITI01M_SECURE_MOUNT JOY_TECH_QA_MICRO RESULTS_READ,NA,Add
rhobson,NA,CPLITI01M_SECURE_MOUNT JOY_TECH_QA_MISCELL. LAB FILES_READ,NA,Add
rhobson,NA,CPLITI01M_SECURE_MOUNT JOY_TECH_QA_MOCK RECALLS_READ,NA,Add
rhobson,NA,CPLITI01M_SECURE_MOUNT JOY_TECH_QA_PRODUCT FILES_READ,NA,Add
rhobson,NA,CPLITI01M_SECURE_MOUNT JOY_TECH_QA_QUALITY MEETINGS_READ,NA,Add
rhobson,NA,CPLITI01M_SECURE_MOUNT JOY_TECH_QA_REWORK_CHANGE,NA,Add
rhobson,NA,CPLITI01M_SECURE_MOUNT JOY_TECH_QA_REWORK_READ,NA,Add
rhobson,NA,CPLITI01M_SECURE_PLANT_MAINTENANCE_ALLIED_CBM_READ,NA,Add
rhobson,NA,CPLITI01M_SECURE_POLICIES_BUSINESS TEAM PROCESS MANUAL_READ,NA,Add
rhobson,NA,CPLITI01M_SECURE_QM_LITITZ_MAN_DEPTS_DISTCENTER_READ,NA,Add
rhobson,NA,CPLITI01M_SECURE_QM_LITITZ_MAN_DEPTS_MAINTENANCE_DEPT MAN_READ,NA,Add
rhobson,NA,CPLITI01M_SECURE_QM_LITITZ_MAN_DEPTS_MICRO LAB_CALIB MAN_READ,NA,Add
rhobson,NA,CPLITI01M_SECURE_QM_LITITZ_MAN_DEPTS_MICRO LAB_DEPT MAN_READ,NA,Add
rhobson,NA,CPLITI01M_SECURE_QM_LITITZ_MAN_DEPTS_PROD_ADAGEMANUAL_READ,NA,Add
rhobson,NA,CPLITI01M_SECURE_QM_LITITZ_MAN_DEPTS_PROD_CHOC MAN_READ,NA,Add
rhobson,NA,CPLITI01M_SECURE_QM_LITITZ_MAN_DEPTS_PROD_COMP MAN_READ,NA,Add
rhobson,NA,CPLITI01M_SECURE_QM_LITITZ_MAN_DEPTS_PROD_DCCOATINGMFG_READ,NA,Add
rhobson,NA,CPLITI01M_SECURE_QM_LITITZ_MAN_DEPTS_PROD_GENERAL_READ,NA,Add
rhobson,NA,CPLITI01M_SECURE_QM_LITITZ_MAN_DEPTS_PROD_PANNING_READ,NA,Add
rhobson,NA,CPLITI01M_SECURE_QM_LITITZ_MAN_DEPTS_QA_CO-PACKER MAN_READ,NA,Add
rhobson,NA,CPLITI01M_SECURE_QM_LITITZ_MAN_DEPTS_QA_CALIBRATION_READ,NA,Add
rhobson,NA,CPLITI01M_SECURE_QM_LITITZ_MAN_DEPTS_QA_CHEM HYGIENE_READ,NA,Add
rhobson,NA,CPLITI01M_SECURE_QM_LITITZ_MAN_DEPTS_QA_DEPT MANUAL_READ,NA,Add
rhobson,NA,CPLITI01M_SECURE_QM_LITITZ_MAN_DEPTS_QUAL PROC_AUDITS_READ,NA,Add
rhobson,NA,CPLITI01M_SECURE_QM_LITITZ_MAN_DEPTS_QUAL PROC_CORRECT_READ,NA,Add
rhobson,NA,CPLITI01M_SECURE_QM_LITITZ_MAN_DEPTS_QUAL PROC_DEPT_READ,NA,Add
rhobson,NA,CPLITI01M_SECURE_QM_LITITZ_MAN_DEPTS_QUAL PROC_DOC_READ,NA,Add
rhobson,NA,CPLITI01M_SECURE_QM_MOUNT JOY_MAN_DEPTS_MNTC_CALIB MAN_READ,NA,Add
rhobson,NA,CPLITI01M_SECURE_QM_MOUNT JOY_MAN_DEPTS_MNTC_DEPT MAN_READ,NA,Add
rhobson,NA,CPLITI01M_SECURE_QM_MOUNT JOY_MAN_DEPTS_PROD_BLENDING_CHANGE,NA,Add
rhobson,NA,CPLITI01M_SECURE_QM_MOUNT JOY_MAN_DEPTS_PROD_BLENDING_READ,NA,Add
rhobson,NA,CPLITI01M_SECURE_QM_MOUNT JOY_MAN_DEPTS_PROD_CHOC SHIP_CHANGE,NA,Add
rhobson,NA,CPLITI01M_SECURE_QM_MOUNT JOY_MAN_DEPTS_PROD_CHOC SHIP_READ,NA,Add
rhobson,NA,CPLITI01M_SECURE_QM_MOUNT JOY_MAN_DEPTS_PROD_GENERAL_CHANGE,NA,Add
rhobson,NA,CPLITI01M_SECURE_QM_MOUNT JOY_MAN_DEPTS_PROD_GENERAL_READ,NA,Add
rhobson,NA,CPLITI01M_SECURE_QM_MOUNT JOY_MAN_DEPTS_PROD_LIQUOR_CHANGE,NA,Add
rhobson,NA,CPLITI01M_SECURE_QM_MOUNT JOY_MAN_DEPTS_PROD_LIQUOR_READ,NA,Add
rhobson,NA,CPLITI01M_SECURE_QM_MOUNT JOY_MAN_DEPTS_PROD_MOLDING SPEC_CHANGE,NA,Add
rhobson,NA,CPLITI01M_SECURE_QM_MOUNT JOY_MAN_DEPTS_PROD_MOLDING SPEC_READ,NA,Add
rhobson,NA,CPLITI01M_SECURE_QM_MOUNT JOY_MAN_DEPTS_PROD_MOLDING_CHANGE,NA,Add
rhobson,NA,CPLITI01M_SECURE_QM_MOUNT JOY_MAN_DEPTS_PROD_MOLDING_READ,NA,Add
rhobson,NA,CPLITI01M_SECURE_QM_READ,NA,Add
rhobson,NA,CPLITI01M_SHARED_HQ_PURCHASE_CHANGE,NA,Add
rhobson,NA,CPLITI01M_SHARED_MOUNT JOY_BUDS_CHANGE,NA,Add
rhobson,NA,CPLITI01M_SHARED_MOUNT JOY_PRODUCTION_CHANGE,NA,Add
tpotok1,NA,CPLITI01M_SECURE_QM_QUALITY SYSTEMS MANUAL_READ,NA,Add
tpotok1,NA,CPLITI01M_SECURE_MOUNT JOY_PRODUCTION_SCHEDULE_READ,NA,Add
tpotok1,NA,CPLITI01M_Secure_Lititz_Plant_Production_Schedule_Read,NA,Add
tpotok1,NA,CPLITI01M_LITITZ_SUPPLY CHAIN_DEFAULTS,NA,Add
tpotok1,NA,CPLITI01M_LITITZ_WILBURCUSTOMERSERVICE_DEPT_DEFAULTS,NA,Add
tpotok1,NA,CPLITI01M_SECURE_LITITZ_PARK OFFICE_ADMIN_NEWS LETTER_CHG,NA,Add
tpotok1,NA,CPLITI01M_SECURE_LITITZ_PARK OFFICE_SALES_COMPLAIN_CHANGE,NA,Add
tpotok1,NA,CPLITI01M_SECURE_LITITZ_PARK OFFICE_SALES_RETDISLOGS_READ,NA,Add
tpotok1,NA,CPLITI01M_SECURE_LITITZ_PARK OFFICE_SUPPLY CHAIN_CHANGE,NA,Add
tpotok1,NA,CPLITI01M_SECURE_LITITZ_PLANT_TECH_PRODINFO_SPEC_GRKNS_FRANCE_RE,NA,Add
tpotok1,NA,CPLITI01M_SECURE_LITITZ_PLANT_TECHNICAL_PROD DEV_CALENDERS_READ,NA,Add
tpotok1,NA,CPLITI01M_SECURE_LITITZ_PLANT_TECHNICAL_PRODINFO_COMP SPECS_READ,NA,Add
tpotok1,NA,CPLITI01M_SECURE_LITITZ_PLANT_TECHNICAL_SQI_READ,NA,Add
tpotok1,NA,CPLITI01M_SECURE_MOUNT JOY_PRODUCTION_SCHEDULE_READ,NA,Add
tpotok1,NA,CPLITI01M_SECURE_QM_LITITZ_MAN_DEPTS_SALES_CUST SERV DEPT_CHANGE,NA,Add
tpotok1,NA,CPLITI01M_SECURE_QM_QUALITY SYSTEMS MANUAL_READ,NA,Add
tpotok1,NA,CPLITI01M_SHARED_LITITZ_PARK OFFICE_REPORTS_EDI_CHG,NA,Add
tpotok1,NA,CPLITI01M_SHARED_LITITZ_PARK OFFICE_REPORTS_INVENTORY_CHG,NA,Add
tpotok1,NA,CPLITI01M_SHARED_LITITZ_PARK OFFICE_REPORTS_ORDERS_CHG,NA,Add
tpotok1,NA,CPLITI01M_SHARED_LITITZ_PARK OFFICE_REPORTS_RETURNS_CHG,NA,Add
tpotok1,NA,CPLITI01M_Secure_Lititz_Plant_Production_Schedule_Read,NA,Add
tpotok1,NA,CPLITI01M_SECURE_LITITZ_PLANT_TECH_PRODINFO_LNCS_GRKNS_READ,NA,Add
tpotok1,NA,CPLITI01M_SECURE_LITITZ_PLANT_TECH_PRODINFO_LNCS_PETERS_READ,NA,Add
tpotok1,NA,CPLITI01M_SECURE_LITITZ_PLANT_TECH_PRODINFO_LNCS_WILBUR_READ,NA,Add
tpotok1,NA,CPLITI01M_SECURE_LITITZ_PLANT_TECH_PRODINFO_NUTDATA_GRKNS_READ,NA,Add
tpotok1,NA,CPLITI01M_SECURE_LITITZ_PLANT_TECH_PRODINFO_NUTDATA_LAB USE_READ,NA,Add
tpotok1,NA,CPLITI01M_SECURE_LITITZ_PLANT_TECH_PRODINFO_NUTDATA_PETERS_READ,NA,Add
tpotok1,NA,CPLITI01M_SECURE_LITITZ_PLANT_TECH_PRODINFO_NUTDATA_WILBUR_READ,NA,Add
tpotok1,NA,CPLITI01M_SECURE_LITITZ_PLANT_TECH_PRODINFO_SHELFLIFE_GRKNS_READ,NA,Add
tpotok1,NA,CPLITI01M_SECURE_LITITZ_PLANT_TECH_PRODINFO_SHELFLIFE_PETERS_REA,NA,Add
tpotok1,NA,CPLITI01M_SECURE_LITITZ_PLANT_TECH_PRODINFO_SHELFLIFE_WLBR_READ,NA,Add
tpotok1,NA,CPLITI01M_SECURE_LITITZ_PLANT_TECH_PRODINFO_SPEC_CO-PACKERS_READ,NA,Add
tpotok1,NA,CPLITI01M_SECURE_LITITZ_PLANT_TECH_PRODINFO_SPEC_GRKNS_BRAZ_REA,NA,Add
tpotok1,NA,CPLITI01M_SECURE_LITITZ_PLANT_TECH_PRODINFO_SPEC_GRKNS_FRANCE_RE,NA,Add
tpotok1,NA,CPLITI01M_SECURE_LITITZ_PLANT_TECH_PRODINFO_SPEC_GRKNS_HOLL_REA,NA,Add
tpotok1,NA,CPLITI01M_SECURE_LITITZ_PLANT_TECH_PRODINFO_SPEC_GRKNS_IVORY_REA,NA,Add
tpotok1,NA,CPLITI01M_SECURE_LITITZ_PLANT_TECH_PRODINFO_SPEC_GRKNS_LIBRA_REA,NA,Add
tpotok1,NA,CPLITI01M_SECURE_LITITZ_PLANT_TECH_PRODINFO_SPEC_LAB USE_READ,NA,Add
tpotok1,NA,CPLITI01M_SECURE_LITITZ_PLANT_TECH_PRODINFO_SPEC_PETERS_READ,NA,Add
tpotok1,NA,CPLITI01M_SECURE_LITITZ_PLANT_TECH_PRODINFO_SPEC_RAWMATSPEC_READ,NA,Add
tpotok1,NA,CPLITI01M_SECURE_LITITZ_PLANT_TECH_PRODINFO_SPEC_WILBUR_READ,NA,Add
tpotok1,NA,CPLITI01M_SECURE_LITITZ_PLANT_TECH_PRODINFO_STMTS_GRKNS_READ,NA,Add
tpotok1,NA,CPLITI01M_SECURE_LITITZ_PLANT_TECH_PRODINFO_STMTS_PETERS_READ,NA,Add
tpotok1,NA,CPLITI01M_SECURE_LITITZ_PLANT_TECH_PRODINFO_STMTS_WLBR_READ,NA,Add
tpotok1,NA,CPLITI01M_SECURE_LITITZ_PLANT_TECH_PRODINFO_STOCK PROD_READ,NA,Add
tpotok1,NA,CPLITI01M_SECURE_LITITZ_PLANT_TECHNICAL_PRODINFO_COMP LIST_READ,NA,Add
tpotok1,NA,CPLITI01M_SECURE_LITITZ_PLANT_TECHNICAL_PRODINFO_COMP SPECS_READ,NA,Add
tpotok1,NA,CPLITI01M_SECURE_LITITZ_PLANT_TECHNICAL_PRODINFO_KOSHER_READ,NA,Add
tpotok1,NA,CPLITI01M_SECURE_LITITZ_PLANT_TECHNICAL_PRODINFO_MSDS_GRKNS_READ,NA,Add
tpotok1,NA,CPLITI01M_SECURE_LITITZ_PLANT_TECHNICAL_PRODINFO_MSDS_PETERS_REA,NA,Add
tpotok1,NA,CPLITI01M_SECURE_LITITZ_PLANT_TECHNICAL_PRODINFO_MSDS_WILBU_READ,NA,Add
cburkho1,NA,CPLITI01M_SECURE_LITITZ_PLANT_TECH_PRODINFO_LNCS_GRKNS_READ,NA,Add
cburkho1,NA,CPLITI01M_SECURE_LITITZ_PLANT_TECH_PRODINFO_LNCS_PETERS_READ,NA,Add
cburkho1,NA,CPLITI01M_SECURE_LITITZ_PLANT_TECH_PRODINFO_LNCS_WILBUR_READ,NA,Add
cburkho1,NA,CPLITI01M_SECURE_LITITZ_PLANT_TECH_PRODINFO_NUTDATA_GRKNS_READ,NA,Add
cburkho1,NA,CPLITI01M_SECURE_LITITZ_PLANT_TECH_PRODINFO_NUTDATA_LAB USE_READ,NA,Add
cburkho1,NA,CPLITI01M_SECURE_LITITZ_PLANT_TECH_PRODINFO_NUTDATA_PETERS_READ,NA,Add
cburkho1,NA,CPLITI01M_SECURE_LITITZ_PLANT_TECH_PRODINFO_NUTDATA_WILBUR_READ,NA,Add
cburkho1,NA,CPLITI01M_SECURE_LITITZ_PLANT_TECH_PRODINFO_SHELFLIFE_GRKNS_READ,NA,Add
cburkho1,NA,CPLITI01M_SECURE_LITITZ_PLANT_TECH_PRODINFO_SHELFLIFE_PETERS_REA,NA,Add
cburkho1,NA,CPLITI01M_SECURE_LITITZ_PLANT_TECH_PRODINFO_SHELFLIFE_WLBR_READ,NA,Add
cburkho1,NA,CPLITI01M_SECURE_LITITZ_PLANT_TECH_PRODINFO_SPEC_CO-PACKERS_READ,NA,Add
cburkho1,NA,CPLITI01M_SECURE_LITITZ_PLANT_TECH_PRODINFO_SPEC_GRKNS_BRAZ_REA,NA,Add
cburkho1,NA,CPLITI01M_SECURE_LITITZ_PLANT_TECH_PRODINFO_SPEC_GRKNS_FRANCE_RE,NA,Add
cburkho1,NA,CPLITI01M_SECURE_LITITZ_PLANT_TECH_PRODINFO_SPEC_GRKNS_HOLL_REA,NA,Add
cburkho1,NA,CPLITI01M_SECURE_LITITZ_PLANT_TECH_PRODINFO_SPEC_GRKNS_IVORY_REA,NA,Add
cburkho1,NA,CPLITI01M_SECURE_LITITZ_PLANT_TECH_PRODINFO_SPEC_GRKNS_LIBRA_REA,NA,Add
cburkho1,NA,CPLITI01M_SECURE_LITITZ_PLANT_TECH_PRODINFO_SPEC_LAB USE_READ,NA,Add
cburkho1,NA,CPLITI01M_SECURE_LITITZ_PLANT_TECH_PRODINFO_SPEC_PETERS_READ,NA,Add
cburkho1,NA,CPLITI01M_SECURE_LITITZ_PLANT_TECH_PRODINFO_SPEC_RAWMATSPEC_READ,NA,Add
cburkho1,NA,CPLITI01M_SECURE_LITITZ_PLANT_TECH_PRODINFO_SPEC_WILBUR_READ,NA,Add
cburkho1,NA,CPLITI01M_SECURE_LITITZ_PLANT_TECH_PRODINFO_STMTS_GRKNS_READ,NA,Add
cburkho1,NA,CPLITI01M_SECURE_LITITZ_PLANT_TECH_PRODINFO_STMTS_PETERS_READ,NA,Add
cburkho1,NA,CPLITI01M_SECURE_LITITZ_PLANT_TECH_PRODINFO_STMTS_WLBR_READ,NA,Add
cburkho1,NA,CPLITI01M_SECURE_LITITZ_PLANT_TECH_PRODINFO_STOCK PROD_READ,NA,Add
cburkho1,NA,CPLITI01M_SECURE_LITITZ_PLANT_TECHNICAL_PRODINFO_COMP LIST_READ,NA,Add
cburkho1,NA,CPLITI01M_SECURE_LITITZ_PLANT_TECHNICAL_PRODINFO_COMP SPECS_READ,NA,Add
cburkho1,NA,CPLITI01M_SECURE_LITITZ_PLANT_TECHNICAL_PRODINFO_KOSHER_READ,NA,Add
cburkho1,NA,CPLITI01M_SECURE_LITITZ_PLANT_TECHNICAL_PRODINFO_MSDS_GRKNS_READ,NA,Add
cburkho1,NA,CPLITI01M_SECURE_LITITZ_PLANT_TECHNICAL_PRODINFO_MSDS_PETERS_REA,NA,Add
cburkho1,NA,CPLITI01M_SECURE_LITITZ_PLANT_TECHNICAL_PRODINFO_MSDS_WILBU_READ,NA,Add
kthomps2 ,NA,CPLITI01M_SECURE_LITITZ_PLANT_TECH_PRODINFO_LNCS_GRKNS_READ,NA,Add
kthomps2 ,NA,CPLITI01M_SECURE_LITITZ_PLANT_TECH_PRODINFO_LNCS_PETERS_READ,NA,Add
kthomps2,NA,CPLITI01M_SECURE_LITITZ_PLANT_TECH_PRODINFO_LNCS_WILBUR_READ,NA,Add
kthomps2,NA,CPLITI01M_SECURE_LITITZ_PLANT_TECH_PRODINFO_NUTDATA_GRKNS_READ,NA,Add
kthomps2,NA,CPLITI01M_SECURE_LITITZ_PLANT_TECH_PRODINFO_NUTDATA_LAB USE_READ,NA,Add
kthomps2,NA,CPLITI01M_SECURE_LITITZ_PLANT_TECH_PRODINFO_NUTDATA_PETERS_READ,NA,Add
kthomps2,NA,CPLITI01M_SECURE_LITITZ_PLANT_TECH_PRODINFO_NUTDATA_WILBUR_READ,NA,Add
kthomps2,NA,CPLITI01M_SECURE_LITITZ_PLANT_TECH_PRODINFO_SHELFLIFE_GRKNS_READ,NA,Add
kthomps2,NA,CPLITI01M_SECURE_LITITZ_PLANT_TECH_PRODINFO_SHELFLIFE_PETERS_REA,NA,Add
kthomps2,NA,CPLITI01M_SECURE_LITITZ_PLANT_TECH_PRODINFO_SHELFLIFE_WLBR_READ,NA,Add
kthomps2,NA,CPLITI01M_SECURE_LITITZ_PLANT_TECH_PRODINFO_SPEC_CO-PACKERS_READ,NA,Add
kthomps2,NA,CPLITI01M_SECURE_LITITZ_PLANT_TECH_PRODINFO_SPEC_GRKNS_BRAZ_REA,NA,Add
kthomps2,NA,CPLITI01M_SECURE_LITITZ_PLANT_TECH_PRODINFO_SPEC_GRKNS_FRANCE_RE,NA,Add
kthomps2,NA,CPLITI01M_SECURE_LITITZ_PLANT_TECH_PRODINFO_SPEC_GRKNS_HOLL_REA,NA,Add
kthomps2,NA,CPLITI01M_SECURE_LITITZ_PLANT_TECH_PRODINFO_SPEC_GRKNS_IVORY_REA,NA,Add
kthomps2,NA,CPLITI01M_SECURE_LITITZ_PLANT_TECH_PRODINFO_SPEC_GRKNS_LIBRA_REA,NA,Add
kthomps2,NA,CPLITI01M_SECURE_LITITZ_PLANT_TECH_PRODINFO_SPEC_LAB USE_READ,NA,Add
kthomps2,NA,CPLITI01M_SECURE_LITITZ_PLANT_TECH_PRODINFO_SPEC_PETERS_READ,NA,Add
kthomps2,NA,CPLITI01M_SECURE_LITITZ_PLANT_TECH_PRODINFO_SPEC_RAWMATSPEC_READ,NA,Add
kthomps2,NA,CPLITI01M_SECURE_LITITZ_PLANT_TECH_PRODINFO_SPEC_WILBUR_READ,NA,Add
kthomps2,NA,CPLITI01M_SECURE_LITITZ_PLANT_TECH_PRODINFO_STMTS_GRKNS_READ,NA,Add
kthomps2,NA,CPLITI01M_SECURE_LITITZ_PLANT_TECH_PRODINFO_STMTS_PETERS_READ,NA,Add
kthomps2,NA,CPLITI01M_SECURE_LITITZ_PLANT_TECH_PRODINFO_STMTS_WLBR_READ,NA,Add
kthomps2,NA,CPLITI01M_SECURE_LITITZ_PLANT_TECH_PRODINFO_STOCK PROD_READ,NA,Add
kthomps2,NA,CPLITI01M_SECURE_LITITZ_PLANT_TECHNICAL_PRODINFO_COMP LIST_READ,NA,Add
kthomps2,NA,CPLITI01M_SECURE_LITITZ_PLANT_TECHNICAL_PRODINFO_COMP SPECS_READ,NA,Add
kthomps2,NA,CPLITI01M_SECURE_LITITZ_PLANT_TECHNICAL_PRODINFO_KOSHER_READ,NA,Add
kthomps2,NA,CPLITI01M_SECURE_LITITZ_PLANT_TECHNICAL_PRODINFO_MSDS_GRKNS_READ,NA,Add
kthomps2,NA,CPLITI01M_SECURE_LITITZ_PLANT_TECHNICAL_PRODINFO_MSDS_PETERS_REA,NA,Add
kthomps2,NA,CPLITI01M_SECURE_LITITZ_PLANT_TECHNICAL_PRODINFO_MSDS_WILBU_READ,NA,Add
jefrysin,NA,CPLITI01M_Secure_Lititz_Plant_Production_Schedule_Schedules_Chge,NA,Add
ksanford,NA,CPLITI01M_Secure_Lititz_Park Office_Sales_New Item Info_Change,NA,Add
ogarcia6,NA,CPLITI USERS,NA,Add
sdrake1,NA,CPLITI USERS,NA,Add
zpiefer1,NA,CPLITI01M_Secure_Lititz_Plant_Production_Schedule_LititzLiq_Chg,NA,Add
jchebet,NA,CPLITI01M_LITITZ_RESEARCH_DEPARTMENT_DEFAULTS,NA,Add
jchebet,NA,CPLITI01M_SECURE_LITITZ_PLANT_PRODUCTION_FORMULAS_3_READ,NA,Add
jchebet,NA,CPLITI01M_SECURE_LITITZ_PLANT_PRODUCTION_FORMULAS_3A_READ,NA,Add
jchebet,NA,CPLITI01M_SECURE_LITITZ_PLANT_PRODUCTION_FORMULAS_3C_READ,NA,Add
jchebet,NA,CPLITI01M_SECURE_LITITZ_PLANT_PRODUCTION_FORMULAS_WCDC_READ,NA,Add
jchebet,NA,CPLITI01M_SECURE_LITITZ_PLANT_TECH_INGREDIENT PRICING_CHANGE,NA,Add
jchebet,NA,CPLITI01M_SECURE_LITITZ_PLANT_TECH_PRODINFO_HERSHEY_SENSORY_CHG,NA,Add
jchebet,NA,CPLITI01M_SECURE_LITITZ_PLANT_TECH_PRODINFO_LNCS_GRKNS_READ,NA,Add
jchebet,NA,CPLITI01M_SECURE_LITITZ_PLANT_TECH_PRODINFO_LNCS_PETERS_READ,NA,Add
jchebet,NA,CPLITI01M_SECURE_LITITZ_PLANT_TECH_PRODINFO_LNCS_WILBUR_READ,NA,Add
jchebet,NA,CPLITI01M_SECURE_LITITZ_PLANT_TECH_PRODINFO_NESTLE_SENSORY_CHG,NA,Add
jchebet,NA,CPLITI01M_SECURE_LITITZ_PLANT_TECH_PRODINFO_NUTDATA_GRKNS_READ,NA,Add
jchebet,NA,CPLITI01M_SECURE_LITITZ_PLANT_TECH_PRODINFO_NUTDATA_LAB USE_CHG,NA,Add
jchebet,NA,CPLITI01M_SECURE_LITITZ_PLANT_TECH_PRODINFO_NUTDATA_PETERS_READ,NA,Add
jchebet,NA,CPLITI01M_SECURE_LITITZ_PLANT_TECH_PRODINFO_NUTDATA_WILBUR_READ,NA,Add
jchebet,NA,CPLITI01M_SECURE_LITITZ_PLANT_TECH_PRODINFO_SHELFLIFE_GRKNS_READ,NA,Add
jchebet,NA,CPLITI01M_SECURE_LITITZ_PLANT_TECH_PRODINFO_SHELFLIFE_PETERS_REA,NA,Add
jchebet,NA,CPLITI01M_SECURE_LITITZ_PLANT_TECH_PRODINFO_SHELFLIFE_WLBR_READ,NA,Add
jchebet,NA,CPLITI01M_SECURE_LITITZ_PLANT_TECH_PRODINFO_SPEC_GRKNS_BRAZ_REA,NA,Add
jchebet,NA,CPLITI01M_SECURE_LITITZ_PLANT_TECH_PRODINFO_SPEC_GRKNS_FRANCE_RE,NA,Add
jchebet,NA,CPLITI01M_SECURE_LITITZ_PLANT_TECH_PRODINFO_SPEC_GRKNS_HOLL_REA,NA,Add
jchebet,NA,CPLITI01M_SECURE_LITITZ_PLANT_TECH_PRODINFO_SPEC_GRKNS_IVORY_REA,NA,Add
jchebet,NA,CPLITI01M_SECURE_LITITZ_PLANT_TECH_PRODINFO_SPEC_GRKNS_LIBRA_REA,NA,Add
jchebet,NA,CPLITI01M_SECURE_LITITZ_PLANT_TECH_PRODINFO_SPEC_LAB USE_CHG,NA,Add
jchebet,NA,CPLITI01M_SECURE_LITITZ_PLANT_TECH_PRODINFO_SPEC_PETERS_READ,NA,Add
jchebet,NA,CPLITI01M_SECURE_LITITZ_PLANT_TECH_PRODINFO_SPEC_RAWMATSPEC_READ,NA,Add
jchebet,NA,CPLITI01M_SECURE_LITITZ_PLANT_TECH_PRODINFO_SPEC_WILBUR_READ,NA,Add
jchebet,NA,CPLITI01M_SECURE_LITITZ_PLANT_TECH_PRODINFO_STMTS_GRKNS_READ,NA,Add
jchebet,NA,CPLITI01M_SECURE_LITITZ_PLANT_TECH_PRODINFO_STMTS_PETERS_READ,NA,Add
jchebet,NA,CPLITI01M_SECURE_LITITZ_PLANT_TECH_PRODINFO_STMTS_WLBR_READ,NA,Add
jchebet,NA,CPLITI01M_SECURE_LITITZ_PLANT_TECH_PRODINFO_STOCK PROD_CHANGE,NA,Add
jchebet,NA,CPLITI01M_SECURE_LITITZ_PLANT_TECHNICAL_PROD DEV_CALENDERS_CHANG,NA,Add
jchebet,NA,CPLITI01M_SECURE_LITITZ_PLANT_TECHNICAL_PRODINFO_COMP LIST_READ,NA,Add
jchebet,NA,CPLITI01M_SECURE_LITITZ_PLANT_TECHNICAL_PRODINFO_COMP SPECS_CHG,NA,Add
jchebet,NA,CPLITI01M_SECURE_LITITZ_PLANT_TECHNICAL_PRODINFO_KOSHER_READ,NA,Add
jchebet,NA,CPLITI01M_SECURE_LITITZ_PLANT_TECHNICAL_PRODINFO_MSDS_GRKNS_READ,NA,Add
jchebet,NA,CPLITI01M_SECURE_LITITZ_PLANT_TECHNICAL_PRODINFO_MSDS_WILBU_READ,NA,Add
jchebet,NA,CPLITI01M_SECURE_LITITZ_PLANT_TECHNICAL_PRODINFO_STKPRODSMP_CHG,NA,Add
jchebet,NA,CPLITI01M_SECURE_LITITZ_PLNT_TCH_PRD DEV_EPPM_CHANGE,NA,Add
jchebet,NA,CPLITI01M_SECURE_LITITZ_PLNT_TCH_PRD DEV_PRJ_CHOC_NW PRJSTAT_CHG,NA,Add
jchebet,NA,CPLITI01M_SECURE_LITITZ_PLNT_TCH_PRD DEV_PRJ_CHOC_PRD COD BK_CHG,NA,Add
jchebet,NA,CPLITI01M_SECURE_LITITZ_PLNT_TCH_PRD DEV_PRJ_CHOC_PRJ FORMUL_CHG,NA,Add
jchebet,NA,CPLITI01M_SECURE_LITITZ_PLNT_TCH_PRD DEV_PROJECT_COCOA PRJ_CHG,NA,Add
jchebet,NA,CPLITI01M_SECURE_LITITZ_PLNT_TCH_PROD DEV_PRJ_PROJ REQ_READ,NA,Add
jchebet,NA,CPLITI01M_SECURE_MOUNT JOY_PROD_FORMULAS_CHOCOLATE_READ,NA,Add
jchebet,NA,CPLITI01M_SECURE_MOUNT JOY_PROD_FORMULAS_LIQUOR_READ,NA,Add
jchebet,NA,CPLITI01M_SECURE_MOUNT JOY_TECH_PROD INFO_SPECS_LIQUOR_READ,NA,Add
jchebet,NA,CPLITI01M_SECURE_QM_LITITZ_MAN_DEPTS_PRDDEV_DEPTMAN_CHOCMAN_READ,NA,Add
jchebet,NA,CPLITI01M_SECURE_QM_LITITZ_MAN_DEPTS_PRDDEV_DEPTMAN_COCOAPP_READ,NA,Add
jchebet,NA,CPLITI01M_SECURE_QM_LITITZ_MAN_DEPTS_PRDDEV_DEPTMAN_SENSMAN_READ,NA,Add
jchebet,NA,CPLITI01M_SECURE_QM_LITITZ_MAN_DEPTS_QUAL PROC_DEPT_READ,NA,Add
jchebet,NA,CPLITI01M_SECURE_QM_LITITZ_MAN_DEPTS_SALES_MAXIMIZER_READ,NA,Add
jchebet,NA,CPLITI01M_SECURE_QM_QUALITY SYSTEMS MANUAL_CHANGE,NA,Add
jchebet,NA,CPLITI01M_SHARED_HQ_FORMULAS_CHANGE,NA,Add
jchebet,NA,CPLITI01M_SHARED_HQ_PURCHASE_CHANGE,NA,Add
jchebet,NA,CPLITI01M_SHARED_LITITZ_PARK OFFICE_SALES_CHANGE,NA,Add
jchebet,NA,CPLITI01M_SECURE_LITITZ_PLANT_TECH_PRODINFO_STMTS_NOTGRK_READ,NA,Add
rhobson,NA,CPLITI01M_Secure_Policies_Safety_WSM_Read,NA,Add
arainvil,NA,CPLITI01M_Secure_Customer Profitability_Read,NA,Add
afrey,NA,CPLITI01M_LITITZ_SALES_DEPARTMENT_DEFAULTS,NA,Add
afrey,NA,CPLITI01M_PRINTER_ADMINISTRATORS,NA,Add
afrey,NA,CPLITI01M_SECURE_LITITZ_DIST CTR_SAMPLES_LABELS_CHANGE,NA,Add
afrey,NA,CPLITI01M_SECURE_LITITZ_PARK OFFICE_ADMIN_NEWS LETTER_CHG,NA,Add
afrey,NA,CPLITI01M_SECURE_LITITZ_PARK OFFICE_SALES_ADMIN SUPPORT_CHANGE,NA,Add
afrey,NA,CPLITI01M_SECURE_LITITZ_PARK OFFICE_SALES_CALENDERS_READ,NA,Add
afrey,NA,CPLITI01M_SECURE_LITITZ_PARK OFFICE_SALES_GSS_ISO_READ,NA,Add
afrey,NA,CPLITI01M_SECURE_LITITZ_PARK OFFICE_SALES_INVENTORY_READ,NA,Add
afrey,NA,CPLITI01M_SECURE_LITITZ_PARK OFFICE_SALES_INVENTORY_RPTS_CHANGE,NA,Add
afrey,NA,CPLITI01M_SECURE_LITITZ_PARK OFFICE_SALES_MARKETG_PETER_EXP_CHG,NA,Add
afrey,NA,CPLITI01M_SECURE_LITITZ_PARK OFFICE_SALES_MARKETG_WILBUR_EXP_CHG,NA,Add
afrey,NA,CPLITI01M_SECURE_LITITZ_PARK OFFICE_SALES_MARKETING_ART_FILES_CH,NA,Add
afrey,NA,CPLITI01M_SECURE_LITITZ_PARK OFFICE_SALES_MARKETING_CHANGE,NA,Add
afrey,NA,CPLITI01M_SECURE_LITITZ_PARK OFFICE_SALES_PRODUCT LABELS_READ,NA,Add
afrey,NA,CPLITI01M_SECURE_LITITZ_PARK OFFICE_SALES_STOCK PRODUCTS_READ,NA,Add
afrey,NA,CPLITI01M_SECURE_LITITZ_PARK OFFICE_SALES_VACSCHED_PETERS_CHANGE,NA,Add
afrey,NA,CPLITI01M_SECURE_LITITZ_PARK OFFICE_SALES_VACSCHED_WILBUR_CHANGE,NA,Add
afrey,NA,CPLITI01M_SECURE_LITITZ_PARK OFFICE_SALES_WSS_ISO_READ,NA,Add
afrey,NA,CPLITI01M_SECURE_LITITZ_PLANT_PRODUCTION_LABELS_READ,NA,Add
afrey,NA,CPLITI01M_SECURE_LITITZ_PLANT_TECH_PRODINFO_LNCS_GRKNS_READ,NA,Add
afrey,NA,CPLITI01M_SECURE_LITITZ_PLANT_TECH_PRODINFO_LNCS_PETERS_READ,NA,Add
afrey,NA,CPLITI01M_SECURE_LITITZ_PLANT_TECH_PRODINFO_LNCS_VELICHE_READ,NA,Add
afrey,NA,CPLITI01M_SECURE_LITITZ_PLANT_TECH_PRODINFO_LNCS_WILBUR_READ,NA,Add
afrey,NA,CPLITI01M_SECURE_LITITZ_PLANT_TECH_PRODINFO_NUTDATA_GRKNS_READ,NA,Add
afrey,NA,CPLITI01M_SECURE_LITITZ_PLANT_TECH_PRODINFO_NUTDATA_LAB USE_READ,NA,Add
afrey,NA,CPLITI01M_SECURE_LITITZ_PLANT_TECH_PRODINFO_NUTDATA_PETERS_READ,NA,Add
afrey,NA,CPLITI01M_SECURE_LITITZ_PLANT_TECH_PRODINFO_NUTDATA_WILBUR_READ,NA,Add
afrey,NA,CPLITI01M_SECURE_LITITZ_PLANT_TECH_PRODINFO_SHELFLIFE_GRKNS_READ,NA,Add
afrey,NA,CPLITI01M_SECURE_LITITZ_PLANT_TECH_PRODINFO_SHELFLIFE_PETERS_REA,NA,Add
afrey,NA,CPLITI01M_SECURE_LITITZ_PLANT_TECH_PRODINFO_SHELFLIFE_WLBR_READ,NA,Add
afrey,NA,CPLITI01M_SECURE_LITITZ_PLANT_TECH_PRODINFO_SPEC_CO-PACKERS_READ,NA,Add
afrey,NA,CPLITI01M_SECURE_LITITZ_PLANT_TECH_PRODINFO_SPEC_GRKNS_BRAZ_REA,NA,Add
afrey,NA,CPLITI01M_SECURE_LITITZ_PLANT_TECH_PRODINFO_SPEC_GRKNS_FRANCE_RE,NA,Add
afrey,NA,CPLITI01M_SECURE_LITITZ_PLANT_TECH_PRODINFO_SPEC_GRKNS_HOLL_REA,NA,Add
afrey,NA,CPLITI01M_SECURE_LITITZ_PLANT_TECH_PRODINFO_SPEC_GRKNS_IVORY_REA,NA,Add
afrey,NA,CPLITI01M_SECURE_LITITZ_PLANT_TECH_PRODINFO_SPEC_GRKNS_LIBRA_REA,NA,Add
afrey,NA,CPLITI01M_SECURE_LITITZ_PLANT_TECH_PRODINFO_SPEC_LAB USE_READ,NA,Add
afrey,NA,CPLITI01M_SECURE_LITITZ_PLANT_TECH_PRODINFO_SPEC_PETERS_READ,NA,Add
afrey,NA,CPLITI01M_SECURE_LITITZ_PLANT_TECH_PRODINFO_SPEC_RAWMATSPEC_READ,NA,Add
afrey,NA,CPLITI01M_SECURE_LITITZ_PLANT_TECH_PRODINFO_SPEC_WILBUR_READ,NA,Add
afrey,NA,CPLITI01M_SECURE_LITITZ_PLANT_TECH_PRODINFO_STMTS_GRKNS_READ,NA,Add
afrey,NA,CPLITI01M_SECURE_LITITZ_PLANT_TECH_PRODINFO_STMTS_PETERS_READ,NA,Add
afrey,NA,CPLITI01M_SECURE_LITITZ_PLANT_TECH_PRODINFO_STMTS_WLBR_READ,NA,Add
afrey,NA,CPLITI01M_SECURE_LITITZ_PLANT_TECH_PRODINFO_STOCK PROD_READ,NA,Add
afrey,NA,CPLITI01M_SECURE_LITITZ_PLANT_TECHNICAL_PROD DEV_CALENDERS_READ,NA,Add
afrey,NA,CPLITI01M_SECURE_LITITZ_PLANT_TECHNICAL_PRODINFO_KOSHER_CHANGE,NA,Add
afrey,NA,CPLITI01M_SECURE_LITITZ_PLANT_TECHNICAL_PRODINFO_MSDS_PETERS_REA,NA,Add
afrey,NA,CPLITI01M_SECURE_LITITZ_PLANT_TECHNICAL_PRODINFO_MSDS_VELICHE_RD,NA,Add
afrey,NA,CPLITI01M_SECURE_LITITZ_PLNT_TCH_PRD DEV_EPPM_CHANGE,NA,Add
afrey,NA,CPLITI01M_SECURE_LITITZ_PLNT_TCH_PROD DEV_PRJ_PROJ REQ_READ,NA,Add
afrey,NA,CPLITI01M_SECURE_MOUNT JOY_TECH_PROD INFO_SPECS_LIQUOR_READ,NA,Add
afrey,NA,CPLITI01M_SECURE_QM_LITITZ_MAN_DEPTS_SALES_ADMIN MANUAL_CHANGE,NA,Add
afrey,NA,CPLITI01M_SECURE_QM_LITITZ_MAN_DEPTS_SALES_ADMIN MANUAL_READ,NA,Add
afrey,NA,CPLITI01M_SECURE_QM_LITITZ_MAN_DEPTS_SALES_CUST SERV DEPT_READ,NA,Add
afrey,NA,CPLITI01M_SECURE_QM_LITITZ_MAN_DEPTS_SALES_LOGISTICS MANUAL_READ,NA,Add
afrey,NA,CPLITI01M_SECURE_QM_LITITZ_MAN_DEPTS_SALES_MAXIMIZER_CHANGE,NA,Add
afrey,NA,CPLITI01M_SHARED_LITITZ_PARK OFFICE_SALES_CHANGE,NA,Add
afrey,NA,CPLITI01M_SECURE_LITITZ_PLANT_TECH_PRODINFO_STMTS_NOTGRK_READ,NA,Add
jschmid,NA,CPLITI01M_Secure_Lititz_Plant_Admin_Lititz Vacation Hrly_Change,NA,Add
jschmid,NA,CPLITI01M_Secure_Lititz_Plant_Admin_Presentations_Change,NA,Add
jschmid,NA,CPLITI01M_Secure_Lititz_Plant_Admin_Choc Dept OT_Change,NA,Add
mbrambi1,NA,CPLITI01M_LITITZ_SUPPLY CHAIN_DEFAULTS,NA,Add
mbrambi1,NA,CPLITI01M_LITITZ_WILBURCUSTOMERSERVICE_DEPT_DEFAULTS,NA,Add
mbrambi1,NA,CPLITI01M_SECURE_LITITZ_PARK OFFICE_ADMIN_NEWS LETTER_CHG,NA,Add
mbrambi1,NA,CPLITI01M_SECURE_LITITZ_PARK OFFICE_SALES_COMPLAIN_CHANGE,NA,Add
mbrambi1,NA,CPLITI01M_SECURE_LITITZ_PARK OFFICE_SALES_RETDISLOGS_READ,NA,Add
mbrambi1,NA,CPLITI01M_SECURE_LITITZ_PARK OFFICE_SUPPLY CHAIN_CHANGE,NA,Add
mbrambi1,NA,CPLITI01M_SECURE_LITITZ_PLANT_PRODUCTION_SCHEDULE_READ,NA,Add
mbrambi1,NA,CPLITI01M_SECURE_LITITZ_PLANT_TECH_PRODINFO_LNCS_GRKNS_READ,NA,Add
mbrambi1,NA,CPLITI01M_SECURE_LITITZ_PLANT_TECH_PRODINFO_LNCS_PETERS_READ,NA,Add
mbrambi1,NA,CPLITI01M_SECURE_LITITZ_PLANT_TECH_PRODINFO_LNCS_WILBUR_READ,NA,Add
mbrambi1,NA,CPLITI01M_SECURE_LITITZ_PLANT_TECH_PRODINFO_NUTDATA_GRKNS_READ,NA,Add
mbrambi1,NA,CPLITI01M_SECURE_LITITZ_PLANT_TECH_PRODINFO_NUTDATA_LAB USE_READ,NA,Add
mbrambi1,NA,CPLITI01M_SECURE_LITITZ_PLANT_TECH_PRODINFO_NUTDATA_PETERS_READ,NA,Add
mbrambi1,NA,CPLITI01M_SECURE_LITITZ_PLANT_TECH_PRODINFO_NUTDATA_WILBUR_READ,NA,Add
mbrambi1,NA,CPLITI01M_SECURE_LITITZ_PLANT_TECH_PRODINFO_SHELFLIFE_GRKNS_READ,NA,Add
mbrambi1,NA,CPLITI01M_SECURE_LITITZ_PLANT_TECH_PRODINFO_SHELFLIFE_PETERS_REA,NA,Add
mbrambi1,NA,CPLITI01M_SECURE_LITITZ_PLANT_TECH_PRODINFO_SHELFLIFE_WLBR_READ,NA,Add
mbrambi1,NA,CPLITI01M_SECURE_LITITZ_PLANT_TECH_PRODINFO_SPEC_CO-PACKERS_READ,NA,Add
mbrambi1,NA,CPLITI01M_SECURE_LITITZ_PLANT_TECH_PRODINFO_SPEC_GRKNS_BRAZ_REA,NA,Add
mbrambi1,NA,CPLITI01M_SECURE_LITITZ_PLANT_TECH_PRODINFO_SPEC_GRKNS_FRANCE_RE,NA,Add
mbrambi1,NA,CPLITI01M_SECURE_LITITZ_PLANT_TECH_PRODINFO_SPEC_GRKNS_HOLL_REA,NA,Add
mbrambi1,NA,CPLITI01M_SECURE_LITITZ_PLANT_TECH_PRODINFO_SPEC_GRKNS_IVORY_REA,NA,Add
mbrambi1,NA,CPLITI01M_SECURE_LITITZ_PLANT_TECH_PRODINFO_SPEC_GRKNS_LIBRA_REA,NA,Add
mbrambi1,NA,CPLITI01M_SECURE_LITITZ_PLANT_TECH_PRODINFO_SPEC_LAB USE_READ,NA,Add
mbrambi1,NA,CPLITI01M_SECURE_LITITZ_PLANT_TECH_PRODINFO_SPEC_PETERS_READ,NA,Add
mbrambi1,NA,CPLITI01M_SECURE_LITITZ_PLANT_TECH_PRODINFO_SPEC_RAWMATSPEC_READ,NA,Add
mbrambi1,NA,CPLITI01M_SECURE_LITITZ_PLANT_TECH_PRODINFO_SPEC_WILBUR_READ,NA,Add
mbrambi1,NA,CPLITI01M_SECURE_LITITZ_PLANT_TECH_PRODINFO_STMTS_GRKNS_READ,NA,Add
mbrambi1,NA,CPLITI01M_SECURE_LITITZ_PLANT_TECH_PRODINFO_STMTS_PETERS_READ,NA,Add
mbrambi1,NA,CPLITI01M_SECURE_LITITZ_PLANT_TECH_PRODINFO_STMTS_WLBR_READ,NA,Add
mbrambi1,NA,CPLITI01M_SECURE_LITITZ_PLANT_TECH_PRODINFO_STOCK PROD_READ,NA,Add
mbrambi1,NA,CPLITI01M_SECURE_LITITZ_PLANT_TECHNICAL_PROD DEV_CALENDERS_READ,NA,Add
mbrambi1,NA,CPLITI01M_SECURE_LITITZ_PLANT_TECHNICAL_PRODINFO_COMP LIST_READ,NA,Add
mbrambi1,NA,CPLITI01M_SECURE_LITITZ_PLANT_TECHNICAL_PRODINFO_COMP SPECS_READ,NA,Add
mbrambi1,NA,CPLITI01M_SECURE_LITITZ_PLANT_TECHNICAL_PRODINFO_KOSHER_READ,NA,Add
mbrambi1,NA,CPLITI01M_SECURE_LITITZ_PLANT_TECHNICAL_PRODINFO_MSDS_GRKNS_READ,NA,Add
mbrambi1,NA,CPLITI01M_SECURE_LITITZ_PLANT_TECHNICAL_PRODINFO_MSDS_PETERS_REA,NA,Add
mbrambi1,NA,CPLITI01M_SECURE_LITITZ_PLANT_TECHNICAL_PRODINFO_MSDS_WILBU_READ,NA,Add
mbrambi1,NA,CPLITI01M_SECURE_LITITZ_PLANT_TECHNICAL_SQI_READ,NA,Add
mbrambi1,NA,CPLITI01M_SECURE_MOUNT JOY_PRODUCTION_SCHEDULE_READ,NA,Add
mbrambi1,NA,CPLITI01M_SECURE_QM_LITITZ_MAN_DEPTS_SALES_CUST SERV DEPT_CHANGE,NA,Add
mbrambi1,NA,CPLITI01M_SECURE_QM_QUALITY SYSTEMS MANUAL_READ,NA,Add
mbrambi1,NA,CPLITI01M_SHARED_LITITZ_PARK OFFICE_REPORTS_EDI_CHG,NA,Add
mbrambi1,NA,CPLITI01M_SHARED_LITITZ_PARK OFFICE_REPORTS_INVENTORY_CHG,NA,Add
mbrambi1,NA,CPLITI01M_SHARED_LITITZ_PARK OFFICE_REPORTS_ORDERS_CHG,NA,Add
mbrambi1,NA,CPLITI01M_SHARED_LITITZ_PARK OFFICE_REPORTS_RETURNS_CHG,NA,Add
roconigl,NA,CPLITI01M_Lititz_Supply Chain_Defaults,NA,Add
afrey,NA,CPLITI USER,NA,Add
betseyro,NA,CPLITI01M_Secure_Lititz_Park Office_Logistics_customs_change,NA,Add
roweidne,NA,CPLITI ADAGE REPORTS ,NA,Add
roweidne,NA,CPLITI ADAGE USERS ,NA,Add
roweidne,NA,CPLITI ALTIRIS USERS ,NA,Add
roweidne,NA,CPLITI USERS ,NA,Add
roweidne,NA,CPLITI01M_LITITZ_SUPPLY CHAIN_DEFAULTS ,NA,Add
roweidne,NA,CPLITI01M_SECURE_LITITZ_PARK OFFICE_PURCHASING_WHSE INVENT_READ ,NA,Add
roweidne,NA,CPLITI01M_SECURE_LITITZ_PARK OFFICE_SUPPLY CHAIN_READ ,NA,Add
roweidne,NA,CPLITI01M_SECURE_LITITZ_PLANT_PRODUCTION_FORMULAS_3_READ ,NA,Add
roweidne,NA,CPLITI01M_SECURE_LITITZ_PLANT_PRODUCTION_FORMULAS_3A_READ ,NA,Add
roweidne,NA,CPLITI01M_SECURE_LITITZ_PLANT_PRODUCTION_FORMULAS_3C_READ ,NA,Add
roweidne,NA,CPLITI01M_SECURE_LITITZ_PLANT_PRODUCTION_FORMULAS_PANNING_READ ,NA,Add
roweidne,NA,CPLITI01M_SECURE_LITITZ_PLANT_PRODUCTION_FORMULAS_WCDC_WRITE ,NA,Add
roweidne,NA,CPLITI01M_SECURE_MOUNT JOY_PROD_FORMULAS_CHOCOLATE_READ ,NA,Add
roweidne,NA,CPLITI01M_SECURE_MOUNT JOY_PROD_FORMULAS_LIQUOR_READ ,NA,Add
roweidne,NA,CPLITI01M_SHARED_HQ_FUTURES_CHANGE ,NA,Add
roweidne,NA,CPLITI01M_SHARED_HQ_PURCHASE_CHANGE ,NA,Add
roweidne,NA,CPLITI01M_SHARED_LITITZ_PLANT_PRODUCTION_CHANGE ,NA,Add
jwarner1,NA,CPLITI USERS,NA,Add
jwarner1,NA,CPLITI01M_SECURE_LITITZ_PARK OFFICE_IT_TELECOMM_PBX DOC_CHG,NA,Add
jwarner1,NA,CPLITI01M_SECURE_LITITZ_PARK OFFICE_SALES_CALENDERS_READ,NA,Add
jwarner1,NA,CPLITI01M_SECURE_LITITZ_PLANT_ADMIN_PROD VAC SCHED_READ,NA,Add
jwarner1,NA,CPLITI01M_SHARED_LITITZ_PARK OFFICE_ADMINISTRATION_CHANGE,NA,Add
bnagy,NA,CPLITI01M_Lititz_Supply Chain_Defaults,NA,Add
cvarner,NA,CPLITI AFORCE USERS,NA,Add
cvarner,NA,CPLITI USERS,NA,Add
cvarner,NA,CPLITI01M_LITITZ_LOGISTICS_DEPARTMENT_DEFAULTS,NA,Add
cvarner,NA,CPLITI01M_LITITZ_SUPPLY CHAIN_DEFAULTS,NA,Add
cvarner,NA,CPLITI01M_SECURE_LITITZ_PARK OFFICE_SUPPLY CHAIN_READ,NA,Add
cvarner,NA,CPLITI01M_SECURE_QM_LITITZ_MAN_DEPTS_LOGISTICS_DEPT MAN_READ,NA,Add
cvarner,NA,CPLITI01M_SHARED_LITITZ_PARK OFFICE_REPORTS_INVENTORY ADJ_CHG,NA,Add
cvarner,NA,CPLITI01M_SHARED_LITITZ_PARK OFFICE_REPORTS_INVENTORY_CHG,NA,Add
cvarner,NA,CPLITI01M_SHARED_LITITZ_PARK OFFICE_REPORTS_PURCHASING_CHG,NA,Add
cvarner,NA,CPLITI01M_SHARED_LITITZ_PARK OFFICE_REPORTS_RETURNS_CHG,NA,Add
cvarner,NA,CPLITI01M_SHARED_LITITZ_PARK OFFICE_SALES_CHANGE,NA,Add
jweidma1,NA,CPLITI ADAGE USERS,NA,Add
jweidma1,NA,CPLITI USERS,NA,Add
jweidma1,NA,CPLITI01M_LITITZ_SUPPLY CHAIN_DEFAULTS,NA,Add
jweidma1,NA,CPLITI01M_SECURE_LITITZ_PARK OFFICE_SALES_RETDISLOGS_READ,NA,Add
jweidma1,NA,CPLITI01M_SECURE_QM_LITITZ_MAN_DEPTS_LOGISTICS_DEPT MAN_READ,NA,Add
jweidma1,NA,CPLITI01M_SECURE_QM_LITITZ_MAN_DEPTS_QA_DEPT MANUAL_READ,NA,Add
jweidma1,NA,CPLITI01M_SHARED_HQ_SALES_REPORT_CHANGE,NA,Add
jweidma1,NA,CPLITI01M_SHARED_LITITZ_PARK OFFICE_REPORTS_LOAD ORDERS_CHG,NA,Add
jweidma1,NA,CPLITI01M_SHARED_LITITZ_PARK OFFICE_REPORTS_RETURNS_CHG,NA,Add
jweidma1,NA,CPLITI01M_SHARED_LITITZ_PARK OFFICE_SALES_CHANGE,NA,Add
sgarner,NA,CPLITI ADAGE USERS,NA,Add
sgarner,NA,CPLITI USERS,NA,Add
sgarner,NA,CPLITI01M_LITITZ_SUPPLY CHAIN_DEFAULTS,NA,Add
sgarner,NA,CPLITI01M_SECURE_LITITZ_PARK OFFICE_SALES_RETDISLOGS_READ,NA,Add
sgarner,NA,CPLITI01M_SECURE_QM_LITITZ_MAN_DEPTS_LOGISTICS_DEPT MAN_READ,NA,Add
sgarner,NA,CPLITI01M_SECURE_QM_LITITZ_MAN_DEPTS_QA_DEPT MANUAL_READ,NA,Add
sgarner,NA,CPLITI01M_SHARED_HQ_SALES_REPORT_CHANGE,NA,Add
sgarner,NA,CPLITI01M_SHARED_LITITZ_PARK OFFICE_REPORTS_LOAD ORDERS_CHG,NA,Add
sgarner,NA,CPLITI01M_SHARED_LITITZ_PARK OFFICE_REPORTS_RETURNS_CHG,NA,Add
sgarner,NA,CPLITI01M_SHARED_LITITZ_PARK OFFICE_SALES_CHANGE,NA,Add
dstauffe,NA,CPLITI ADAGE REPORTS,NA,Add
dstauffe,NA,CPLITI ADAGE USERS,NA,Add
dstauffe,NA,CPLITI USERS,NA,Add
dstauffe,NA,CPLITI01M_LITITZ_PLANT_ADMINISTRATION_DEPARTMENT_DEFAULTS,NA,Add
dstauffe,NA,CPLITI01M_SECURE_LITITZ_DIST CTR_MICRO LAB_MICRO RESULTS_CHANGE,NA,Add
dstauffe,NA,CPLITI01M_SECURE_LITITZ_PARK OFFICE_ACCTG_REPORTS_WKLY INVY_READ,NA,Add
dstauffe,NA,CPLITI01M_SECURE_LITITZ_PARK OFFICE_ACTG_PLANT ACCOUNTING_READ,NA,Add
dstauffe,NA,CPLITI01M_SECURE_LITITZ_PARK OFFICE_PURCHASING_PURCHORDFRM_READ,NA,Add
dstauffe,NA,CPLITI01M_SECURE_LITITZ_PARK OFFICE_SALES_COMPLAIN_READ,NA,Add
dstauffe,NA,CPLITI01M_SECURE_LITITZ_PARK OFFICE_SALES_NEW ITEM INFO_CHANGE,NA,Add
dstauffe,NA,CPLITI01M_SECURE_LITITZ_PLANT_ADMIN_CHOC DEPT OT_CHANGE,NA,Add
dstauffe,NA,CPLITI01M_SECURE_LITITZ_PLANT_ADMIN_GERKENS APP LOGS_CHANGE,NA,Add
dstauffe,NA,CPLITI01M_SECURE_LITITZ_PLANT_ADMIN_LITITZ VACATION HRLY_CHANGE,NA,Add
dstauffe,NA,CPLITI01M_SECURE_LITITZ_PLANT_ADMIN_LITITZ VACATION HRLY_READ,NA,Add
dstauffe,NA,CPLITI01M_SECURE_LITITZ_PLANT_ADMIN_PROD VAC SCHED_CHANGE,NA,Add
dstauffe,NA,CPLITI01M_SECURE_LITITZ_PLANT_ADMIN_RESEARCH LOGS_CHANGE,NA,Add
dstauffe,NA,CPLITI01M_SECURE_LITITZ_PLANT_ADMIN_TANKER CHECK_CHANGE,NA,Add
dstauffe,NA,CPLITI01M_SECURE_LITITZ_PLANT_PRODUCTION_FORMULAS_3_CHANGE,NA,Add
dstauffe,NA,CPLITI01M_SECURE_LITITZ_PLANT_PRODUCTION_FORMULAS_3A_CHANGE,NA,Add
dstauffe,NA,CPLITI01M_SECURE_LITITZ_PLANT_PRODUCTION_FORMULAS_3C_CHANGE,NA,Add
dstauffe,NA,CPLITI01M_SECURE_LITITZ_PLANT_PRODUCTION_FORMULAS_PANNING_CHANGE,NA,Add
dstauffe,NA,CPLITI01M_SECURE_LITITZ_PLANT_PRODUCTION_FORMULAS_REVISIONS_CHAN,NA,Add
dstauffe,NA,CPLITI01M_SECURE_LITITZ_PLANT_PRODUCTION_FORMULAS_WCDC_READ,NA,Add
dstauffe,NA,CPLITI01M_SECURE_LITITZ_PLANT_PRODUCTION_FORMULAS_WCDC_WRITE,NA,Add
dstauffe,NA,CPLITI01M_SECURE_LITITZ_PLANT_PRODUCTION_GMP INSPECTIONS_CHANGE,NA,Add
dstauffe,NA,CPLITI01M_SECURE_LITITZ_PLANT_PRODUCTION_LABELS_CHANGE,NA,Add
dstauffe,NA,CPLITI01M_SECURE_LITITZ_PLANT_PRODUCTION_PRODUCTREPORTS_CHANGE,NA,Add
dstauffe,NA,CPLITI01M_SECURE_LITITZ_PLANT_PRODUCTION_SCHEDULE_READ,NA,Add
dstauffe,NA,CPLITI01M_SECURE_LITITZ_PLANT_PRODUCTION_WASTE_CHANGE,NA,Add
dstauffe,NA,CPLITI01M_SECURE_LITITZ_PLANT_TECH_PRODINFO_LNCS_GRKNS_CHG,NA,Add
dstauffe,NA,CPLITI01M_SECURE_LITITZ_PLANT_TECH_PRODINFO_LNCS_PETERS_CHG,NA,Add
dstauffe,NA,CPLITI01M_SECURE_LITITZ_PLANT_TECH_PRODINFO_LNCS_VELICHE_CHG,NA,Add
dstauffe,NA,CPLITI01M_SECURE_LITITZ_PLANT_TECH_PRODINFO_LNCS_WILBUR_CHG,NA,Add
dstauffe,NA,CPLITI01M_SECURE_LITITZ_PLANT_TECH_PRODINFO_NUTDATA_GRKNS_READ,NA,Add
dstauffe,NA,CPLITI01M_SECURE_LITITZ_PLANT_TECH_PRODINFO_NUTDATA_LAB USE_CHG,NA,Add
dstauffe,NA,CPLITI01M_SECURE_LITITZ_PLANT_TECH_PRODINFO_NUTDATA_PETERS_CHG,NA,Add
dstauffe,NA,CPLITI01M_SECURE_LITITZ_PLANT_TECH_PRODINFO_NUTDATA_WILBUR_CHG,NA,Add
dstauffe,NA,CPLITI01M_SECURE_LITITZ_PLANT_TECH_PRODINFO_SHELFLIFE_GRKNS_CHG,NA,Add
dstauffe,NA,CPLITI01M_SECURE_LITITZ_PLANT_TECH_PRODINFO_SHELFLIFE_PETERS_CHG,NA,Add
dstauffe,NA,CPLITI01M_SECURE_LITITZ_PLANT_TECH_PRODINFO_SHELFLIFE_WLBR_CHG,NA,Add
dstauffe,NA,CPLITI01M_SECURE_LITITZ_PLANT_TECH_PRODINFO_SPEC_CO-PACKERS_CHG,NA,Add
dstauffe,NA,CPLITI01M_SECURE_LITITZ_PLANT_TECH_PRODINFO_SPEC_GRKNS_BRAZ_REA,NA,Add
dstauffe,NA,CPLITI01M_SECURE_LITITZ_PLANT_TECH_PRODINFO_SPEC_GRKNS_FRANCE_RE,NA,Add
dstauffe,NA,CPLITI01M_SECURE_LITITZ_PLANT_TECH_PRODINFO_SPEC_GRKNS_HOLL_REA,NA,Add
dstauffe,NA,CPLITI01M_SECURE_LITITZ_PLANT_TECH_PRODINFO_SPEC_GRKNS_IVORY_REA,NA,Add
dstauffe,NA,CPLITI01M_SECURE_LITITZ_PLANT_TECH_PRODINFO_SPEC_GRKNS_LIBRA_REA,NA,Add
dstauffe,NA,CPLITI01M_SECURE_LITITZ_PLANT_TECH_PRODINFO_SPEC_LAB USE_CHG,NA,Add
dstauffe,NA,CPLITI01M_SECURE_LITITZ_PLANT_TECH_PRODINFO_SPEC_PETERS_CHANGE,NA,Add
dstauffe,NA,CPLITI01M_SECURE_LITITZ_PLANT_TECH_PRODINFO_SPEC_RAWMATSPEC_CHG,NA,Add
dstauffe,NA,CPLITI01M_SECURE_LITITZ_PLANT_TECH_PRODINFO_SPEC_VELICHE_CHG,NA,Add
dstauffe,NA,CPLITI01M_SECURE_LITITZ_PLANT_TECH_PRODINFO_SPEC_WILBUR_CHANGE,NA,Add
dstauffe,NA,CPLITI01M_SECURE_LITITZ_PLANT_TECH_PRODINFO_STMTS_GRKNS_CHG,NA,Add
dstauffe,NA,CPLITI01M_SECURE_LITITZ_PLANT_TECH_PRODINFO_STMTS_NOTGRK_CHG,NA,Add
dstauffe,NA,CPLITI01M_SECURE_LITITZ_PLANT_TECH_PRODINFO_STMTS_PETERS_CHG,NA,Add
dstauffe,NA,CPLITI01M_SECURE_LITITZ_PLANT_TECH_PRODINFO_STMTS_WLBR_CHG,NA,Add
dstauffe,NA,CPLITI01M_SECURE_LITITZ_PLANT_TECH_PRODINFO_STOCK PROD_READ,NA,Add
dstauffe,NA,CPLITI01M_SECURE_LITITZ_PLANT_TECH_QUAL ASSUR_ADAGECOA_CHANGE,NA,Add
dstauffe,NA,CPLITI01M_SECURE_LITITZ_PLANT_TECH_QUAL ASSUR_ANALYTICAL_CHANGE,NA,Add
dstauffe,NA,CPLITI01M_SECURE_LITITZ_PLANT_TECH_QUAL ASSUR_ANALYTICAL_READ,NA,Add
dstauffe,NA,CPLITI01M_SECURE_LITITZ_PLANT_TECH_QUAL ASSUR_CHGOVR PROC_CHG,NA,Add
dstauffe,NA,CPLITI01M_SECURE_LITITZ_PLANT_TECH_QUAL ASSUR_FINISH PROD_CHANGE,NA,Add
dstauffe,NA,CPLITI01M_SECURE_LITITZ_PLANT_TECH_QUAL ASSUR_FINISH PROD_READ,NA,Add
dstauffe,NA,CPLITI01M_SECURE_LITITZ_PLANT_TECH_QUAL ASSUR_MICRO LAB_CHANGE,NA,Add
dstauffe,NA,CPLITI01M_SECURE_LITITZ_PLANT_TECH_QUAL ASSUR_MICRO LAB_READ,NA,Add
dstauffe,NA,CPLITI01M_SECURE_LITITZ_PLANT_TECH_QUAL ASSUR_ON HOLD_READ,NA,Add
dstauffe,NA,CPLITI01M_SECURE_LITITZ_PLANT_TECH_QUAL ASSUR_RAW MATERIALS_CHG,NA,Add
dstauffe,NA,CPLITI01M_SECURE_LITITZ_PLANT_TECH_QUAL ASSUR_RAW MATERIALS_READ,NA,Add
dstauffe,NA,CPLITI01M_SECURE_LITITZ_PLANT_TECH_QUAL ASSUR_REWORK_CHG,NA,Add
dstauffe,NA,CPLITI01M_SECURE_LITITZ_PLANT_TECH_QUAL ASSUR_REWORK_READ,NA,Add
dstauffe,NA,CPLITI01M_SECURE_LITITZ_PLANT_TECH_QUAL ASSUR_SUPPLIERS_CHG,NA,Add
dstauffe,NA,CPLITI01M_SECURE_LITITZ_PLANT_TECH_QUAL ASSUR_SUPPLIERS_READ,NA,Add
dstauffe,NA,CPLITI01M_SECURE_LITITZ_PLANT_TECH_QUAL ASSUR_VISCOSITY_CHG,NA,Add
dstauffe,NA,CPLITI01M_SECURE_LITITZ_PLANT_TECH_QUAL ASSUR_VISCOSITY_READ,NA,Add
dstauffe,NA,CPLITI01M_SECURE_LITITZ_PLANT_TECHNICAL_HERSHEY ENVRN_CHG,NA,Add
dstauffe,NA,CPLITI01M_SECURE_LITITZ_PLANT_TECHNICAL_HERSHEY ENVRN_READ,NA,Add
dstauffe,NA,CPLITI01M_SECURE_LITITZ_PLANT_TECHNICAL_PROD DEV_CALENDERS_READ,NA,Add
dstauffe,NA,CPLITI01M_SECURE_LITITZ_PLANT_TECHNICAL_PRODINFO_KOSHER_CHANGE,NA,Add
dstauffe,NA,CPLITI01M_SECURE_LITITZ_PLANT_TECHNICAL_PRODINFO_MSDS_GRKNS_READ,NA,Add
dstauffe,NA,CPLITI01M_SECURE_LITITZ_PLANT_TECHNICAL_PRODINFO_MSDS_PETERS_CHG,NA,Add
dstauffe,NA,CPLITI01M_SECURE_LITITZ_PLANT_TECHNICAL_PRODINFO_MSDS_PETERS_REA,NA,Add
dstauffe,NA,CPLITI01M_SECURE_LITITZ_PLANT_TECHNICAL_PRODINFO_MSDS_VELICHE_CH,NA,Add
dstauffe,NA,CPLITI01M_SECURE_LITITZ_PLANT_TECHNICAL_PRODINFO_MSDS_WILBU_CHG,NA,Add
dstauffe,NA,CPLITI01M_SECURE_LITITZ_PLANT_TECHNICAL_PRODINFO_MSDS_WILBU_READ,NA,Add
dstauffe,NA,CPLITI01M_SECURE_LITITZ_PLANT_TECHNICAL_SQI_CHANGE,NA,Add
dstauffe,NA,CPLITI01M_SECURE_LITITZ_PLNT_TCH_PRD DEV_PRJ_CHOC_NW PRJSTAT_CHG,NA,Add
dstauffe,NA,CPLITI01M_SECURE_LITITZ_PLNT_TCH_PRD DEV_PRJ_CHOC_NW PRJSTAT_REA,NA,Add
dstauffe,NA,CPLITI01M_SECURE_LITITZ_PLNT_TCH_PRD DEV_PRJ_CHOC_PRD COD BK_CHG,NA,Add
dstauffe,NA,CPLITI01M_SECURE_LITITZ_PLNT_TCH_PRD DEV_PRJ_CHOC_PRD COD BK_REA,NA,Add
dstauffe,NA,CPLITI01M_SECURE_LITITZ_PLNT_TCH_PRD DEV_PROJECT_COCOA PRJ_READ,NA,Add
dstauffe,NA,CPLITI01M_SECURE_MOUNT JOY_PROD_FORMULAS_CHOCOLATE_CHG,NA,Add
dstauffe,NA,CPLITI01M_SECURE_MOUNT JOY_PROD_FORMULAS_CHOCOLATE_READ,NA,Add
dstauffe,NA,CPLITI01M_SECURE_MOUNT JOY_PROD_FORMULAS_LIQUOR_CHG,NA,Add
dstauffe,NA,CPLITI01M_SECURE_MOUNT JOY_PROD_FORMULAS_LIQUOR_READ,NA,Add
dstauffe,NA,CPLITI01M_SECURE_MOUNT JOY_PRODUCTION_LABELS_CHANGE,NA,Add
dstauffe,NA,CPLITI01M_SECURE_MOUNT JOY_TECH_PROD INFO_SPECS_LIQUOR_CHG,NA,Add
dstauffe,NA,CPLITI01M_SECURE_MOUNT JOY_TECH_QA_BEAN YIELD PRJ_READ,NA,Add
dstauffe,NA,CPLITI01M_SECURE_MOUNT JOY_TECH_QA_COAS_READ,NA,Add
dstauffe,NA,CPLITI01M_SECURE_MOUNT JOY_TECH_QA_MICRO RESULTS_CHG,NA,Add
dstauffe,NA,CPLITI01M_SECURE_MOUNT JOY_TECH_QA_MISCELL. LAB FILES_READ,NA,Add
dstauffe,NA,CPLITI01M_SECURE_MOUNT JOY_TECH_QA_MOCK RECALLS_READ,NA,Add
dstauffe,NA,CPLITI01M_SECURE_MOUNT JOY_TECH_QA_PRODUCT FILES_READ,NA,Add
dstauffe,NA,CPLITI01M_SECURE_MOUNT JOY_TECH_QA_QUALITY MEETINGS_READ,NA,Add
dstauffe,NA,CPLITI01M_SECURE_QM_LITITZ_MAN_DEPTS_MICRO LAB_CALIB MAN_CHG,NA,Add
dstauffe,NA,CPLITI01M_SECURE_QM_LITITZ_MAN_DEPTS_MICRO LAB_DEPT MAN_CHG,NA,Add
dstauffe,NA,CPLITI01M_SECURE_QM_LITITZ_MAN_DEPTS_PRDDEV_DEPTMAN_CHOCMAN_CHG,NA,Add
dstauffe,NA,CPLITI01M_SECURE_QM_LITITZ_MAN_DEPTS_PRDDEV_DEPTMAN_COCOAPP_CHG,NA,Add
dstauffe,NA,CPLITI01M_SECURE_QM_LITITZ_MAN_DEPTS_PRDDEV_DEPTMAN_SENSMAN_CHNG,NA,Add
dstauffe,NA,CPLITI01M_SECURE_QM_LITITZ_MAN_DEPTS_PROD_CHOC MAN_READ,NA,Add
dstauffe,NA,CPLITI01M_SECURE_QM_LITITZ_MAN_DEPTS_PROD_COMP MAN_READ,NA,Add
dstauffe,NA,CPLITI01M_SECURE_QM_LITITZ_MAN_DEPTS_PROD_DCCOATINGMFG_READ,NA,Add
dstauffe,NA,CPLITI01M_SECURE_QM_LITITZ_MAN_DEPTS_PROD_GENERAL_READ,NA,Add
dstauffe,NA,CPLITI01M_SECURE_QM_LITITZ_MAN_DEPTS_PROD_PANNING_READ,NA,Add
dstauffe,NA,CPLITI01M_SECURE_QM_LITITZ_MAN_DEPTS_QA_CO-PACKER MAN_CHANGE,NA,Add
dstauffe,NA,CPLITI01M_SECURE_QM_LITITZ_MAN_DEPTS_QA_CALIBRATION_CHANGE,NA,Add
dstauffe,NA,CPLITI01M_SECURE_QM_LITITZ_MAN_DEPTS_QA_CHEM HYGIENE_CHANGE,NA,Add
dstauffe,NA,CPLITI01M_SECURE_QM_LITITZ_MAN_DEPTS_QA_DEPT MANUAL_CHANGE,NA,Add
dstauffe,NA,CPLITI01M_SECURE_QM_LITITZ_MAN_DEPTS_SALES_DEPT_READ,NA,Add
dstauffe,NA,CPLITI01M_SECURE_QM_LITITZ_MAN_DEPTS_SALES_MAXIMIZER_READ,NA,Add
dstauffe,NA,CPLITI01M_SECURE_QM_MOUNT JOY_MAN_DEPTS_PROD_BLENDING_READ,NA,Add
dstauffe,NA,CPLITI01M_SECURE_QM_MOUNT JOY_MAN_DEPTS_PROD_CHOC SHIP_READ,NA,Add
dstauffe,NA,CPLITI01M_SECURE_QM_MOUNT JOY_MAN_DEPTS_PROD_GENERAL_READ,NA,Add
dstauffe,NA,CPLITI01M_SECURE_QM_MOUNT JOY_MAN_DEPTS_PROD_LIQUOR_READ,NA,Add
dstauffe,NA,CPLITI01M_SECURE_QM_MOUNT JOY_MAN_DEPTS_PROD_MOLDING SPEC_READ,NA,Add
dstauffe,NA,CPLITI01M_SECURE_QM_MOUNT JOY_MAN_DEPTS_PROD_MOLDING_READ,NA,Add
dstauffe,NA,CPLITI01M_SECURE_QM_MOUNT JOY_MAN_DEPTS_QA_CALIBRATION_CHG,NA,Add
dstauffe,NA,CPLITI01M_SHARED_HQ_FORMULAS_CHANGE,NA,Add
dstauffe,NA,CPLITI01M_SHARED_LITITZ_PARK OFFICE_SALES_SPECIALTY_READ,NA,Add
dstauffe,NA,CPLITI01M_SHARED_LITITZ_PLANT_ADMINISTRATION_CHANGE,NA,Add
dstauffe,NA,CPLITI01M_SHARED_LITITZ_PLANT_TECHNICAL_COAS_CHANGE,NA,Add
dstauffe,NA,CPLITI01M_SHARED_LITITZ_PLANT_TECHNICAL_QUALITY ASSURANCE_CHANGE,NA,Add
dstauffe,NA,CPLITI01M_SHARED_POFF_SALES_WSS_MAX DOCS_CHANGE,NA,Add
cbest,NA,CPLITI USERS,NA,Add
cbest,NA,CPLITI01M_SECURE_LITITZ_PARK OFFICE_ACCTG_BUDGETS_CHANGE,NA,Add
cbest,NA,CPLITI01M_SECURE_LITITZ_PARK OFFICE_ACTG_C AND M_ACTG INFO_READ,NA,Add
cbest,NA,CPLITI01M_SECURE_LITITZ_PARK OFFICE_ACTG_C AND M_CAP PRJS_READ,NA,Add
cbest,NA,CPLITI01M_SECURE_LITITZ_PARK OFFICE_ACTG_C AND M_PROJ INFO_READ,NA,Add
cbest,NA,CPLITI01M_SHARED_LITITZ_PARK OFFICE_ACCOUNTING_CHANGE,NA,Add
jsweeney,NA,CPLITI01M_Shared_Lititz_Plant_Technical_Quality Assurance_Change,NA,Add
akempeni,NA,CPLITI USERS,NA,Add
akempeni,NA,CPLITI01M_SECURE_CUSTOMER PROFITABILITY_READ,NA,Add
akempeni,NA,CPLITI01M_SECURE_LITITZ_DIST CTR_SAMPLES_LABELS_READ,NA,Add
akempeni,NA,CPLITI01M_SECURE_LITITZ_PARK OFFICE_SALES_BUDGET_CHANGE,NA,Add
akempeni,NA,CPLITI01M_SECURE_LITITZ_PARK OFFICE_SALES_NEW ITEM INFO_CHANGE,NA,Add
akempeni,NA,CPLITI01M_SECURE_LITITZ_PLANT_TECH_PRODINFO_HERSHEY_SENSORY_RD,NA,Add
akempeni,NA,CPLITI01M_SECURE_LITITZ_PLANT_TECH_PRODINFO_LNCS_GRKNS_READ,NA,Add
akempeni,NA,CPLITI01M_SECURE_LITITZ_PLANT_TECH_PRODINFO_LNCS_PETERS_READ,NA,Add
akempeni,NA,CPLITI01M_SECURE_LITITZ_PLANT_TECH_PRODINFO_LNCS_VELICHE_READ,NA,Add
akempeni,NA,CPLITI01M_SECURE_LITITZ_PLANT_TECH_PRODINFO_LNCS_WILBUR_READ,NA,Add
akempeni,NA,CPLITI01M_SECURE_LITITZ_PLANT_TECH_PRODINFO_NESTLE_SENSORY_READ,NA,Add
akempeni,NA,CPLITI01M_SECURE_LITITZ_PLANT_TECH_PRODINFO_NUTDATA_GRKNS_READ,NA,Add
akempeni,NA,CPLITI01M_SECURE_LITITZ_PLANT_TECH_PRODINFO_NUTDATA_LAB USE_READ,NA,Add
akempeni,NA,CPLITI01M_SECURE_LITITZ_PLANT_TECH_PRODINFO_NUTDATA_PETERS_READ,NA,Add
akempeni,NA,CPLITI01M_SECURE_LITITZ_PLANT_TECH_PRODINFO_NUTDATA_WILBUR_READ,NA,Add
akempeni,NA,CPLITI01M_SECURE_LITITZ_PLANT_TECH_PRODINFO_SHELFLIFE_GRKNS_READ,NA,Add
akempeni,NA,CPLITI01M_SECURE_LITITZ_PLANT_TECH_PRODINFO_SHELFLIFE_PETERS_REA,NA,Add
akempeni,NA,CPLITI01M_SECURE_LITITZ_PLANT_TECH_PRODINFO_SHELFLIFE_WLBR_READ,NA,Add
akempeni,NA,CPLITI01M_SECURE_LITITZ_PLANT_TECH_PRODINFO_SPEC_CO-PACKERS_READ,NA,Add
akempeni,NA,CPLITI01M_SECURE_LITITZ_PLANT_TECH_PRODINFO_SPEC_GRKNS_BRAZ_REA,NA,Add
akempeni,NA,CPLITI01M_SECURE_LITITZ_PLANT_TECH_PRODINFO_SPEC_GRKNS_FRANCE_RE,NA,Add
akempeni,NA,CPLITI01M_SECURE_LITITZ_PLANT_TECH_PRODINFO_SPEC_GRKNS_HOLL_REA,NA,Add
akempeni,NA,CPLITI01M_SECURE_LITITZ_PLANT_TECH_PRODINFO_SPEC_GRKNS_IVORY_REA,NA,Add
akempeni,NA,CPLITI01M_SECURE_LITITZ_PLANT_TECH_PRODINFO_SPEC_GRKNS_LIBRA_REA,NA,Add
akempeni,NA,CPLITI01M_SECURE_LITITZ_PLANT_TECH_PRODINFO_SPEC_LAB USE_READ,NA,Add
akempeni,NA,CPLITI01M_SECURE_LITITZ_PLANT_TECH_PRODINFO_SPEC_PETERS_READ,NA,Add
akempeni,NA,CPLITI01M_SECURE_LITITZ_PLANT_TECH_PRODINFO_SPEC_RAWMATSPEC_READ,NA,Add
akempeni,NA,CPLITI01M_SECURE_LITITZ_PLANT_TECH_PRODINFO_SPEC_VELICHE_READ,NA,Add
akempeni,NA,CPLITI01M_SECURE_LITITZ_PLANT_TECH_PRODINFO_SPEC_WILBUR_READ,NA,Add
akempeni,NA,CPLITI01M_SECURE_LITITZ_PLANT_TECH_PRODINFO_STMTS_GRKNS_READ,NA,Add
akempeni,NA,CPLITI01M_SECURE_LITITZ_PLANT_TECH_PRODINFO_STMTS_PETERS_READ,NA,Add
akempeni,NA,CPLITI01M_SECURE_LITITZ_PLANT_TECH_PRODINFO_STMTS_WLBR_READ,NA,Add
akempeni,NA,CPLITI01M_SECURE_LITITZ_PLANT_TECH_PRODINFO_STOCK PROD_READ,NA,Add
akempeni,NA,CPLITI01M_SECURE_LITITZ_PLANT_TECHNICAL_PRODINFO_COMP LIST_READ,NA,Add
akempeni,NA,CPLITI01M_SECURE_LITITZ_PLANT_TECHNICAL_PRODINFO_COMP SPECS_READ,NA,Add
akempeni,NA,CPLITI01M_SECURE_LITITZ_PLANT_TECHNICAL_PRODINFO_KOSHER_READ,NA,Add
akempeni,NA,CPLITI01M_SECURE_LITITZ_PLANT_TECHNICAL_PRODINFO_MSDS_GRKNS_READ,NA,Add
akempeni,NA,CPLITI01M_SECURE_LITITZ_PLANT_TECHNICAL_PRODINFO_MSDS_PETERS_REA,NA,Add
akempeni,NA,CPLITI01M_SECURE_LITITZ_PLANT_TECHNICAL_PRODINFO_MSDS_WILBU_READ,NA,Add
akempeni,NA,CPLITI01M_SECURE_LITITZ_PLANT_TECHNICAL_PRODINFO_MSDS_VELICHE_RD,NA,Add
akempeni,NA,CPLITI01M_SECURE_PROJECTS_STRATEGY_CHANGE,NA,Add
akempeni,NA,CPLITI01M_SHARED_LITITZ_PARK OFFICE_SALES_CHANGE,NA,Add
akempeni,NA,CPLITI01M_SECURE_LITITZ_PLANT_TECH_PRODINFO_STMTS_NOTGRK_READ,NA,Add
