User,Domain,Home,NewHome,Change
abrondan,na,\\na.corp.cargill.com\dfsroot\CAN\Users1\abrondan,,
snikas,na,\\na.corp.cargill.com\dfsroot\CAN\Users1\snikas,,
jpiox,na,\\na.corp.cargill.com\dfsroot\CAN\Users1\jpiox,,
tpaquett,na,\\na.corp.cargill.com\dfsroot\CAN\Users1\tpaquett,,
cpalm,na,\\na.corp.cargill.com\dfsroot\CAN\Users1\cpalm,,
jscore,na,\\na.corp.cargill.com\dfsroot\CAN\Users1\jscore,,
gmorante,na,\\na.corp.cargill.com\dfsroot\CAN\Users1\gmorante,,
rurlache,na,\\na.corp.cargill.com\dfsroot\CAN\Users1\rurlache,,
keoliver,na,\\na.corp.cargill.com\dfsroot\CAN\Users1\keoliver,,
jtuerk,na,\\na.corp.cargill.com\dfsroot\CAN\Users1\jtuerk,,
edoe,na,\\na.corp.cargill.com\dfsroot\CAN\Users1\edoe,,
dnelson,na,\\na.corp.cargill.com\dfsroot\CAN\Users1\dnelson,,
psmith,na,\\na.corp.cargill.com\dfsroot\CAN\Users1\psmith,,
crose,na,\\na.corp.cargill.com\dfsroot\CAN\Users1\crose,,
snewman,na,\\na.corp.cargill.com\dfsroot\CAN\Users1\snewman,,
alopezp1,na,\\na.corp.cargill.com\dfsroot\CAN\Users1\alopezp1,,
dquade,na,\\na.corp.cargill.com\dfsroot\CAN\Users1\dquade,,
nwright,na,\\na.corp.cargill.com\dfsroot\CAN\Users1\nwright,,
dmills,na,\\na.corp.cargill.com\dfsroot\CAN\Users1\dmills,,
nmurthy,na,\\na.corp.cargill.com\dfsroot\CAN\Users2\nmurthy,,
gmizuno,na,\\na.corp.cargill.com\dfsroot\CAN\Users2\gmizuno,,
jmullins,na,\\na.corp.cargill.com\dfsroot\CAN\Users2\jmullins,,
jallman,na,\\na.corp.cargill.com\dfsroot\CAN\Users2\jallman,,
dwissman,na,\\na.corp.cargill.com\dfsroot\CAN\Users2\dwissman,,
kthom,na,\\na.corp.cargill.com\dfsroot\CAN\Users2\kthom,,
tpierson,na,\\na.corp.cargill.com\dfsroot\CAN\Users2\tpierson,,
gdeppe,na,\\na.corp.cargill.com\dfsroot\CAN\Users2\gdeppe,,
cglad,na,\\na.corp.cargill.com\dfsroot\CAN\Users2\cglad,,
kambrus,na,\\na.corp.cargill.com\dfsroot\CAN\Users2\kambrus,,
bgrayson,na,\\na.corp.cargill.com\dfsroot\CAN\Users2\bgrayson,,
dpender,na,\\na.corp.cargill.com\dfsroot\CAN\Users2\dpender,,
vsena,na,\\na.corp.cargill.com\dfsroot\CAN\Users2\vsena,,
jconboy,na,\\na.corp.cargill.com\dfsroot\CAN\Users2\jconboy,,
csnavely,na,\\na.corp.cargill.com\dfsroot\CAN\Users2\csnavely,,
ccosgrov,na,\\na.corp.cargill.com\dfsroot\CAN\Users2\ccosgrov,,
mniemeye,na,\\na.corp.cargill.com\dfsroot\CAN\Users2\mniemeye,,
tshull,na,\\na.corp.cargill.com\dfsroot\CAN\Users2\tshull,,
dburch,na,\\na.corp.cargill.com\dfsroot\CAN\Users2\dburch,,
_ansmplant,na,\\na.corp.cargill.com\dfsroot\CAN\Users2\_ansmplant,,
hhoeltze,na,\\na.corp.cargill.com\dfsroot\CAN\Users2\hhoeltze,,
lvivas,na,\\na.corp.cargill.com\dfsroot\CAN\Users2\lvivas,,
dshaw,na,\\na.corp.cargill.com\dfsroot\CAN\Users2\dshaw,,
mvanhove,na,\\na.corp.cargill.com\dfsroot\CAN\Users2\mvanhove,,
jlachape,na,\\na.corp.cargill.com\dfsroot\CAN\Users2\jlachape,,
ctpnirlab,na,\\na.corp.cargill.com\dfsroot\CAN\Users2\ctpnirlab,,
ckirchne,na,\\na.corp.cargill.com\dfsroot\CAN\Users2\ckirchne,,
kmoseley,na,\\na.corp.cargill.com\dfsroot\CAN\Users2\kmoseley,,
bwiebe,na,\\na.corp.cargill.com\dfsroot\CAN\Users2\bwiebe,,
_adcoraprft,na,\\na.corp.cargill.com\dfsroot\CAN\Users2\_adcoraprft,,
eguaiume,na,\\na.corp.cargill.com\dfsroot\CAN\Users2\eguaiume,,
jrisius,na,\\na.corp.cargill.com\dfsroot\CAN\Users2\jrisius,,
tprather,na,\\na.corp.cargill.com\dfsroot\CAN\Users2\tprather,,
rrone,na,\\na.corp.cargill.com\dfsroot\CAN\Users2\rrone,,
tstohr,na,\\na.corp.cargill.com\dfsroot\CAN\Users2\tstohr,,
rriecken,na,\\na.corp.cargill.com\dfsroot\CAN\Users2\rriecken,,
plongend,na,\\na.corp.cargill.com\dfsroot\CAN\Users2\plongend,,
hallen,na,\\na.corp.cargill.com\dfsroot\CAN\Users2\hallen,,
andonnel,na,\\na.corp.cargill.com\dfsroot\CAN\Users2\andonnel,,
srudenic,na,\\na.corp.cargill.com\dfsroot\CAN\Users2\srudenic,,
dspence2,na,\\na.corp.cargill.com\dfsroot\CAN\Users2\dspence2,,
vsrisura,na,\\na.corp.cargill.com\dfsroot\CAN\Users2\vsrisura,,
mmaris,na,\\na.corp.cargill.com\dfsroot\CAN\Users2\mmaris,,
gwernli,na,\\na.corp.cargill.com\dfsroot\CAN\Users2\gwernli,,
psingh3,na,\\na.corp.cargill.com\dfsroot\CAN\Users2\psingh3,,
llachowi,na,\\na.corp.cargill.com\dfsroot\CAN\Users2\llachowi,,
arowles,na,\\na.corp.cargill.com\dfsroot\CAN\Users2\arowles,,
rmcdowel,na,\\na.corp.cargill.com\dfsroot\CAN\Users2\rmcdowel,,
btannehi,na,\\na.corp.cargill.com\dfsroot\CAN\Users2\btannehi,,
pravena,na,\\na.corp.cargill.com\dfsroot\CAN\Users2\pravena,,
srakmanu,na,\\na.corp.cargill.com\dfsroot\CAN\Users2\srakmanu,,
vmosley,na,\\na.corp.cargill.com\dfsroot\CAN\Users2\vmosley,,
